ts_ms,seq,state,fsr_0,fsr_1,fsr_2,fsr_3,ir_0,ir_1,ir_2,ir_3,ir_4,ir_5,us_bottom,us_top,acc_x,acc_y,acc_z,gyr_x,gyr_y,gyr_z,imu_temp_c,wall_ts
12,5,SNIFF,223.0,222.0,225.0,228.0,0,1,1,1,1,1,26.95094240932911,46.43510026581923,0.09565025824959283,9.768847791278212,-0.07931088848726293,0.011624922191530189,-0.014051363414967254,0.007566077252414807,37.1521288745054,1787429377.3197453
15,6,SNIFF,221.0,222.0,225.0,230.0,1,0,1,1,0,1,20.49325540977476,53.81090568088642,0.17752534173988171,9.899882227894366,-0.3376371555246016,0.0009644981419725781,-0.0019037459445851931,0.0034639154379123758,37.78277249320147,1787429377.3206053
17,7,SNIFF,222.0,222.0,223.0,231.0,1,0,0,1,1,0,21.85738498869675,39.95190233177385,0.12956616861394732,9.800007559792629,-0.007712630382791151,0.015998774118478984,0.006909457485055996,0.003752623440215667,37.10014088029217,1787429377.3231719
20,8,SNIFF,221.0,220.0,222.0,235.0,0,0,0,0,0,0,23.380849218282435,52.67643320889249,0.1706310265888336,9.79598390940797,0.32973042431861443,0.010101629244832974,0.004685740607193438,0.005844494322420002,37.17627233477803,1787429377.3256001
22,9,SNIFF,220.0,222.0,221.0,234.0,0,1,1,0,0,1,32.894662883133186,48.922884720304396,0.2357810851640227,9.930039583086632,0.102706821867066,-0.0016115691083899205,-0.0030484707836415676,0.027142400531127577,37.121078975428084,1787429377.32842
24,10,SNIFF,220.0,221.0,221.0,236.0,1,0,1,1,1,0,24.66350623719675,55.49541525413608,0.22436459714904775,9.778800227016706,0.035707983438457144,0.0012645506240249113,-0.0024912772772826587,0.0009153296576661137,37.40055156506092,1787429377.3321836
27,11,SNIFF,220.0,223.0,221.0,234.0,0,1,1,0,1,0,33.50737844512668,44.88053989664708,0.22085797017956632,9.87041031906061,-0.28050374585678595,0.0109065839829744,0.01228396946808471,0.035176426542034865,37.069170711986445,1787429377.3335855
29,12,SNIFF,218.0,224.0,220.0,235.0,1,0,1,1,0,1,33.34765411328526,67.43040301544244,0.207665526432972,9.790307641794545,-0.3943480607141577,0.03096648441414025,-0.0032002125188830433,-0.0012938424906891299,37.355467515212354,1787429377.3356442
32,13,SNIFF,220.0,224.0,221.0,233.0,1,1,1,1,1,1,27.407025633596817,50.31893208546721,0.23567118933877781,9.886340108533004,-0.10700823044042429,0.01636178277920584,0.021773555731952735,0.013200690830439111,37.514670980495055,1787429377.3383121
34,14,SNIFF,220.0,223.0,219.0,235.0,1,1,0,1,1,0,27.054868817426076,50.31480079013747,0.2770539979744527,9.82141653328751,0.35727859099465475,0.017888200114120983,0.0022396898878325727,0.008628748657477862,37.15262994709806,1787429377.3407092
37,15,SNIFF,221.0,224.0,219.0,233.0,1,1,0,1,1,0,24.662175310576494,57.800267568193746,0.314503863712704,9.837218884516847,0.3421054845112995,0.010943548654390314,0.01361555742733078,0.003699815778579762,37.365597635359414,1787429377.3444998
40,16,SNIFF,221.0,225.0,218.0,235.0,1,0,0,0,1,1,19.71183897738704,49.5982809626108,0.2600785706905028,9.87449514689059,0.4418627934690634,0.019763232590208304,0.03046100427936372,0.019562289614282153,37.20655641857525,1787429377.3462257
42,17,SNIFF,219.0,224.0,219.0,237.0,1,1,0,1,0,0,23.635586299235577,53.54543793676012,0.2609927290752687,9.926978193353134,0.10546992951260327,0.020315325756757888,0.03233851971954303,-0.004455959865016474,37.41369431119781,1787429377.348866
45,18,SNIFF,219.0,224.0,219.0,236.0,1,0,0,0,1,0,23.025647084749743,45.06649989625808,0.28896602793088527,9.924392261555864,0.39734908849247774,0.004901420018022918,0.014236690534611235,0.030301336314396743,37.31082330026482,1787429377.3507428
47,19,SNIFF,223.0,223.0,215.0,238.0,0,0,1,0,1,0,27.758546424067973,53.14512705687663,0.29187179734406193,9.962091857214276,-0.4051372045310264,0.0030487074373212446,-0.00044759979280589723,0.007623816678128401,37.340390725244255,1787429377.3533483
50,20,SNIFF,222.0,224.0,214.0,238.0,1,0,1,0,1,1,25.52983133068748,54.97711425214443,0.284840218504555,9.918878918938844,0.3499774258417033,0.011783533286462389,0.020932617566029238,0.013062557089554321,37.14302318672349,1787429377.3558364
52,21,SNIFF,221.0,224.0,216.0,237.0,1,1,0,0,1,0,29.214340077514407,60.3246189869959,0.35728707431978507,9.91307414762989,-0.0847143379667391,0.00518304406430843,0.01110707065262207,0.0164082423092143,37.3856593983137,1787429377.35834
55,22,SNIFF,222.0,225.0,215.0,237.0,1,1,1,1,1,0,30.268889666287933,48.01107096741647,0.32830563986093414,9.950194691427413,0.21556284597604386,0.03205240191561534,0.015417923851689877,0.004077207191876351,37.21387622702656,1787429377.361402
57,23,SNIFF,222.0,226.0,213.0,237.0,1,0,1,1,0,1,24.827233653404953,61.6233869745771,0.328344352410279,9.900936290308236,-0.3857049825843171,-0.0022173092543672952,0.007338683975649544,0.013925772256152293,37.32383422339508,1787429377.3634899
60,24,SNIFF,221.0,228.0,211.0,237.0,1,1,0,1,1,0,22.88207041309832,52.581808153745314,0.4080153362870161,10.034638420344738,0.13899822283742064,0.029484951762956874,0.023109348865731995,0.021973104998016864,37.14275025328887,1787429377.365937
62,25,SNIFF,222.0,228.0,213.0,234.0,1,1,0,1,1,1,14.141884648633393,46.73902695240419,0.27773809553092743,9.876842374458608,0.5368581860823166,0.027749226739840323,0.011602574587275557,0.0037723423597144905,37.21989549460315,1787429377.368419
65,26,SNIFF,221.0,229.0,213.0,235.0,1,1,1,1,0,1,31.61528556826623,47.3447857286469,0.32617093380026513,9.999486028238486,-0.18338772950544968,0.009642469482877771,0.031877269403225696,0.016605986173072764,37.110287158394335,1787429377.3710938
67,27,SNIFF,223.0,226.0,215.0,234.0,1,1,0,1,0,0,24.986489724207942,49.044890771719636,0.3159309861751279,9.933018336496543,-0.40228891686575247,0.013875421436445823,0.02461437511117478,0.0203454498455878,37.25928360016174,1787429377.3734307
70,28,SNIFF,226.0,226.0,214.0,232.0,1,1,1,1,0,1,29.60073825607985,54.43647603380569,0.27334345408083915,9.898466220609606,0.10161897133212204,0.021825124861638293,0.018993594162182766,0.010826820802364016,37.252407162414876,1787429377.376815
72,29,SNIFF,225.0,227.0,212.0,235.0,1,0,0,1,0,1,28.85758593052263,61.98377918448796,0.36074222153027663,9.984621415148263,-0.6206797475738963,0.011246512393510731,0.01987219979464276,0.012088658781895469,37.56425977016262,1787429377.3795552
75,30,SNIFF,223.0,226.0,212.0,236.0,1,1,1,1,1,0,23.453538867591057,53.24678966482719,0.35608524246361495,9.894035996534768,0.28888852894984296,0.016428748596897948,0.034948609639866846,0.015928262106085257,36.91525311292019,1787429377.380933
77,31,SNIFF,225.0,225.0,211.0,238.0,1,0,1,0,1,1,27.88454517359972,46.79928591701166,0.3197632497606766,10.015614988990649,-0.004929876642451897,0.02162921694328627,0.023997274680362935,0.015111480862290791,37.11894614691013,1787429377.3835263
80,32,SNIFF,222.0,226.0,211.0,239.0,0,1,1,0,1,1,24.650699351725976,49.14798071355487,0.3003350518489408,9.958934151857562,-0.32918952852129546,0.025946430138483252,0.039481312640993284,0.020674066145904973,37.56956500259121,1787429377.3859527
82,33,SNIFF,222.0,228.0,209.0,239.0,1,0,1,0,1,0,22.39030762082995,47.9459543680167,0.3111641077740159,9.966865259226635,0.5122007917712021,0.018334412714073076,0.004652703265241448,0.021396701492164622,37.35696880732163,1787429377.389639
85,34,SNIFF,223.0,227.0,207.0,241.0,0,1,1,1,1,1,31.00690003426078,46.8720624881763,0.3734112950041508,9.976961451351407,0.25858888477174186,0.01994918958720348,0.029786227560297043,0.02786932090077067,37.10823190137014,1787429377.3908699
87,35,SNIFF,222.0,228.0,206.0,243.0,1,1,1,1,0,0,30.45186356664105,48.52963609285578,0.22703694830479138,9.889387220685553,-0.5789937592152248,0.007245680441593362,0.00773050372682214,0.0148710183400931,37.15569277685384,1787429377.3942626
90,36,SNIFF,223.0,228.0,207.0,241.0,1,1,1,0,0,0,25.615284252306672,56.76811314409582,0.3019544595884381,9.904803166004044,-0.3426134180900817,0.027670146708931767,0.01730313253400537,0.010589853539711855,36.971967816174754,1787429377.396047
92,37,SNIFF,221.0,228.0,207.0,242.0,1,0,1,1,1,1,30.00698159060603,57.12635055957162,0.3014603547164738,9.955903830609362,0.38475113750997025,0.02841957088502374,0.004150768121661336,-0.0021231974878295236,37.125656660682864,1787429377.3979864
95,38,SNIFF,220.0,229.0,208.0,241.0,1,1,1,1,0,0,30.99866106817511,53.81222685716766,0.3933089264583614,10.026958715444447,-0.14041340015646425,0.0327322054152404,0.03057827626724663,0.02860746841430814,36.944031808472,1787429377.4006655
97,39,SNIFF,221.0,230.0,208.0,239.0,1,0,0,1,1,1,25.795211552733612,49.52162261685915,0.33116283431156196,9.977168816120315,-0.19269213035683116,0.026656744050316934,0.023290690289572705,0.009660309836983889,36.983514560522345,1787429377.4028242
100,40,SNIFF,221.0,230.0,207.0,241.0,0,1,0,0,0,1,22.619818688123395,43.497807035851636,0.2603362695204813,9.947396474750844,0.4560105172382796,0.031268700619041245,0.030934831658930427,0.021065595299092636,37.13617868059782,1787429377.4055898
102,41,SNIFF,222.0,229.0,206.0,241.0,1,1,0,0,1,1,24.07503550453835,58.62666163949878,0.25027365527362505,9.948601452646203,0.023608538026488615,0.02117824460267163,0.021469240941409336,0.0073429107019723616,37.20618345560654,1787429377.407873
105,42,SNIFF,222.0,232.0,201.0,243.0,0,0,1,1,1,0,33.34954670195008,47.984364649759115,0.2955744841033963,9.948836372050154,-0.08446410365540041,0.013139975441834742,0.01882081585237963,0.036358288739455076,37.83577073587351,1787429377.4139462
107,43,SNIFF,223.0,230.0,203.0,242.0,0,0,1,1,0,0,18.25213226917834,53.999436011657195,0.26782970059926064,9.931051996525435,0.23581923634534874,0.018116880980403666,0.02134286002780509,0.022226687736112236,36.93156496672582,1787429377.4142432
110,44,SNIFF,223.0,230.0,203.0,242.0,0,0,1,1,1,1,25.586319545701464,49.83210526081869,0.24140786727838584,9.92075536949671,-0.4366927950357896,-0.0029976814323715677,0.01646504004230563,0.014378559793735203,37.44898947572929,1787429377.4170134
112,45,SNIFF,225.0,228.0,202.0,244.0,0,1,0,1,0,1,27.91550215408185,40.786147580443284,0.22482701392322746,9.922389340368774,0.053340132317290456,0.027394927559378612,0.010141358397130856,0.008278351859189112,37.15491371015438,1787429377.4195979
115,46,SNIFF,224.0,229.0,201.0,244.0,0,0,1,1,0,1,31.4537148483428,38.71520943215566,0.2650866103146443,9.90580789198811,0.45606894782150553,0.02965842958000501,0.032446369565426576,0.02337748607105089,37.16605604071593,1787429377.422966
117,47,SNIFF,224.0,229.0,201.0,244.0,1,1,1,1,1,0,29.761157859534357,55.19581183050292,0.27093529675656414,9.992565436128972,0.24576835255976814,0.023495830007336592,0.006091716055124902,0.016721593722824366,37.26716825138661,1787429377.424405
120,48,SNIFF,222.0,233.0,198.0,244.0,1,1,1,0,0,1,25.992320587294614,52.44821706128761,0.24918282541994288,9.87511919529428,-0.07133159161099517,0.030699371466126647,0.012153660264258563,0.039423164704015176,37.148833585731836,1787429377.428135
122,49,SNIFF,221.0,235.0,198.0,244.0,1,1,0,1,1,0,20.332631629612507,52.66287625629863,0.21904416416495143,9.93251528064951,-0.16103525827548468,0.0049252491932174295,0.026387917673455448,0.011217756797382843,36.91914618038185,1787429377.430706
125,50,SNIFF,222.0,234.0,197.0,245.0,1,1,1,1,1,0,26.52305675164618,54.942518791257086,0.2895109004633012,9.978525119227994,0.11413565478391369,0.02103913815439453,0.02518016524197354,0.018723716017125722,37.334015848440444,1787429377.4355404
127,51,SNIFF,221.0,236.0,198.0,243.0,1,1,0,0,1,1,24.652672129437626,53.71821179289488,0.23376755105745106,9.853207948004597,-0.17670949068979389,0.006518959801057243,0.017251144594415797,0.01399090635237809,36.76395798710211,1787429377.4355533
130,52,SNIFF,220.0,235.0,199.0,244.0,1,1,1,1,0,1,29.222714556970004,54.06440821215381,0.18764540769792304,9.913997268431634,-0.017475436652550663,0.013736972357143235,0.023612262041184405,0.00817318541168249,37.0924674846194,1787429377.4385471
132,53,SNIFF,222.0,233.0,200.0,243.0,0,0,1,1,0,0,26.473391653552817,52.6683609091714,0.17848087052756603,9.979817716467803,-0.28203840351905674,0.026961646944754954,0.013739925419726422,0.01635322046001325,36.98560748954196,1787429377.4406776
135,54,SNIFF,222.0,235.0,199.0,242.0,0,1,0,1,0,0,23.653659659716396,58.61180093987264,0.13500582362483537,9.797933566289242,-0.1394853681490119,0.012065300862463808,0.022987572378786417,0.037889549013667485,36.920378068040236,1787429377.4432225
137,55,SNIFF,220.0,237.0,200.0,241.0,1,1,1,0,0,0,29.894654045376363,57.45175998088287,0.1795777780568447,9.878779390947194,-0.06146422653456815,0.023250709543626076,0.0267796350169529,0.01593334654036511,36.92883720577469,1787429377.4470203
140,56,SNIFF,217.0,238.0,200.0,243.0,1,0,1,1,0,0,27.408137887211694,44.06823710339236,0.12238915166419682,9.850614289329677,0.17177904351306975,0.010417700428898965,0.020964618053065882,0.006015109015464413,37.55426824845354,1787429377.4483151
142,57,SNIFF,218.0,239.0,198.0,243.0,1,1,0,1,0,0,25.64481420915,50.022777509728755,0.12189453702418473,9.90831155709305,0.08708781575039692,0.021649632896135283,0.00938223674345644,0.009137468767168526,37.294617439605496,1787429377.4507577
145,58,SNIFF,217.0,240.0,199.0,242.0,1,0,1,1,0,1,16.196511485839654,41.49389497904258,0.16750696386181427,9.841481423377074,0.3524458837711689,0.011179020559593456,0.010086287801351549,0.024802425055702425,37.691484818415184,1787429377.4534492
147,59,SNIFF,220.0,240.0,198.0,240.0,1,1,1,1,0,1,27.46483839113575,52.50483175245209,0.0630064594426811,9.773322062133229,0.10756059190333458,-0.012013721514875886,-0.003631407607543688,0.005474607928587199,37.13676045908377,1787429377.4582267
150,60,SNIFF,220.0,240.0,197.0,242.0,1,1,0,1,0,0,31.9396751469354,43.65031369497417,0.13682919378459688,9.87919550806589,0.7309219824149173,0.027907722277479948,-0.003977122538575297,-0.0009624548419218289,37.057532587117464,1787429377.4594924
152,61,SNIFF,217.0,243.0,196.0,242.0,1,0,1,1,1,1,21.21856410280759,57.949734076289786,0.0822225543057843,9.790299462467342,-0.6931587966338119,-0.009119098161819925,-0.01344519219314521,-0.017836843172857338,37.34574284681487,1787429377.462478
155,62,SNIFF,216.0,244.0,197.0,241.0,1,1,1,1,1,1,28.472762858661206,59.31128072073493,0.03184709620412851,9.804793762437187,0.22751474666941285,-0.005365233413339575,0.0028258783045005563,0.008265395252624423,37.11757012430861,1787429377.4637737
157,63,SNIFF,214.0,244.0,196.0,244.0,1,1,0,1,1,0,32.95859216772405,47.10660512778247,0.10709329408131187,9.844918312106756,-0.10160941052803396,5.589058735032317e-05,0.014085684927371934,0.0059553552702840944,37.03278857703084,1787429377.4659026
160,64,SNIFF,214.0,244.0,195.0,245.0,1,1,1,0,1,1,27.45479260137185,48.69182523137347,0.10153657632286044,9.838595580629663,-0.07308116593941456,0.005474371708221259,-0.0007566759441129433,0.021441521638436215,36.934720779336295,1787429377.4683197
162,65,SNIFF,212.0,246.0,196.0,244.0,1,0,1,1,1,0,21.37014147106631,44.20789283114742,0.03222954016829847,9.701976617532798,0.1969330915863091,0.00931217505691436,-0.014898849299610332,-0.005756824950972339,36.7038582980031,1787429377.4709146
165,66,SNIFF,212.0,250.0,192.0,245.0,1,1,1,1,1,0,27.504177478490448,41.08966712523538,0.021431229979620037,9.740792313075923,0.23898003372134768,0.00419022873109053,0.016897882936699797,-0.0034937948973541035,37.393493254585,1787429377.4753523
167,67,SNIFF,213.0,247.0,192.0,246.0,1,1,1,0,1,0,28.631552041732718,66.26447316330996,-0.04993634039570452,9.784143132144203,0.19403776371831105,0.0004094823789806382,0.014884714633946217,0.0009752943427751254,37.661968884418016,1787429377.4785852
170,68,SNIFF,213.0,246.0,193.0,246.0,1,0,1,1,0,0,23.971578878287033,47.53796015992934,0.018432231356199046,9.713543146658335,0.21604478479571607,0.01735576056382981,0.002887989108485395,-0.005535908551322358,37.27538955713908,1787429377.4786003
172,69,SNIFF,210.0,247.0,195.0,247.0,1,1,1,1,1,1,26.70904546779542,51.747388501084274,-0.02748983107416471,9.75426937742759,-0.3946090096294349,-0.005273952967048517,-0.0013856342390077365,0.0005297736088911466,37.218836611646466,1787429377.4818504
175,70,SNIFF,212.0,245.0,195.0,245.0,1,1,1,1,1,0,25.27000062939895,53.453279059999375,-0.0029097176287802423,9.72084297545829,0.24248265139184122,-0.02320674656907817,0.0141286102054805,0.0015319590545966894,37.33893412232568,1787429377.4841201
177,71,SNIFF,212.0,246.0,195.0,245.0,1,1,1,1,0,1,29.981961131781276,55.82683404093747,0.005803082323577596,9.675512275496514,0.48614060171883905,0.00866661356565784,-0.013534049001207808,0.017280275164007868,37.01771127537255,1787429377.4865212
180,72,SNIFF,212.0,246.0,195.0,245.0,1,1,1,1,0,0,14.17752470261972,42.516095181834984,-0.06709919792699102,9.69768761056815,-0.4158040623677453,-0.003340672149286548,-0.006544646097011981,-0.010110035310043133,37.25800807929671,1787429377.4904027
182,73,SNIFF,215.0,247.0,193.0,243.0,0,1,1,0,1,1,26.36297025500869,60.71191036534836,-0.05434624846380931,9.719450802541518,-0.035505516792299005,0.007910984656476848,-0.007902926768391943,0.01623506307975962,37.20805130040009,1787429377.491587
185,74,SNIFF,216.0,248.0,193.0,242.0,1,0,0,0,0,0,20.171448348321775,47.65593438440483,-0.043577481978578164,9.721826512871788,-0.6179816941804699,-0.008824027281491887,-0.00854441264447247,0.014043564824107995,37.03810273622145,1787429377.4946632
187,75,SNIFF,217.0,245.0,193.0,243.0,1,1,1,1,0,1,21.399658023390543,54.271862137946314,-0.10306390986143331,9.678884396906604,-0.2538526266197486,-0.012681827054549163,-0.020185565992129336,-0.005917704997480239,37.299743888213946,1787429377.496577
190,76,SNIFF,213.0,245.0,197.0,243.0,1,0,0,0,1,1,31.248101048879654,48.108953660688655,-0.08602474725975093,9.742331531246226,-0.545305573563613,-0.025642386236272022,-0.006716208507500289,-0.015967887037336852,37.41577580780595,1787429377.499076
192,77,SNIFF,216.0,245.0,193.0,244.0,1,1,1,1,1,1,19.250609222346593,44.41841187637969,-0.09119228827263938,9.745701875904352,-0.2917415472467739,0.011260676173694749,-0.01842115521957532,-0.001334648416148095,37.152668235069626,1787429377.5015996
195,78,SNIFF,213.0,244.0,195.0,246.0,1,1,0,1,0,1,29.08613303904768,54.85472786594147,-0.19063356562561656,9.644143024522064,-0.048577167323266154,-0.027269710467197138,-0.019794285662376412,-0.0207966794337769,37.073037367205714,1787429377.5041761
197,79,SNIFF,212.0,245.0,197.0,244.0,1,0,1,1,0,0,30.115123678982037,36.71487577374198,-0.14791348332345947,9.69795828494004,0.05599335247347714,-0.02602024029708825,-0.024108140486343594,-0.011190011741922213,36.875817296338376,1787429377.5075283
200,80,SNIFF,209.0,249.0,196.0,244.0,1,1,1,1,1,1,26.954403163713778,59.46660922959131,-0.22919338198276348,9.649387439045979,-0.17095024727934902,-0.011059376374081335,-0.0103137021642324,-0.011630589890782247,37.47162421917346,1787429377.5111601
202,81,SNIFF,210.0,249.0,196.0,244.0,1,0,1,0,0,0,18.892053442695698,51.94407514513988,-0.1708881380610854,9.673202676245827,0.0747326573045484,-0.019392016754422252,-0.007290007730672878,0.01653114501466694,37.42641045768284,1787429377.516047
205,82,SNIFF,205.0,251.0,196.0,245.0,0,0,1,1,1,1,29.895276286869233,50.049691459747564,-0.2426931696380673,9.651809819161528,0.04017354475030224,-0.013252639632411571,-0.0052381739032118044,-0.03373552866553996,36.90157883290541,1787429377.5160728
207,83,SNIFF,205.0,251.0,198.0,244.0,0,1,1,1,1,1,27.55389680340616,39.4411057538272,-0.23529068204095402,9.698718492929345,0.20674130461515114,-0.01971991795373244,-0.018228082338145962,-0.031535389044355294,37.438277928058284,1787429377.5203876
210,84,SNIFF,204.0,251.0,198.0,245.0,1,0,1,1,1,0,29.954127451405853,52.18715022795682,-0.2417417315976626,9.57802818865041,0.07736311963266387,-0.012065759226404047,-0.018840160087061207,-0.032716474866470245,37.072099321822506,1787429377.5222514
212,85,SNIFF,205.0,250.0,198.0,245.0,0,0,1,0,0,0,24.136927340567688,64.2476393001586,-0.21791422364641577,9.597123675021287,-0.39798610541924956,-0.01971579833686131,-0.026887623104214265,-0.010294903240638224,37.24736522335761,1787429377.5247877
215,86,SNIFF,207.0,248.0,198.0,245.0,1,1,1,0,0,0,23.66527857277527,46.829443213306845,-0.26406192112414184,9.548234114184979,0.22403213971935151,-0.018020055657227096,-0.02701521007381974,-0.015622404457161187,37.42547095232849,1787429377.5273042
217,87,SNIFF,208.0,247.0,197.0,246.0,1,1,0,1,1,0,20.526662809795532,48.862666930764334,-0.26197390543405347,9.636153347372346,-0.0462545855840128,-0.03153338960411437,-0.02227870966932257,-0.007967361707845778,37.334245602322746,1787429377.5293705
220,88,SNIFF,207.0,247.0,199.0,246.0,1,1,1,1,1,0,32.83977581604829,63.605865223395526,-0.26333153309445845,9.620877588178336,-0.18842071977223182,-0.02178013344971141,-0.005131830410682893,-0.00983578303005799,36.98962254542032,1787429377.5317235
222,89,SNIFF,207.0,245.0,201.0,245.0,1,1,1,0,1,1,20.612789804881736,51.26400126634772,-0.21224173341683997,9.673013725201445,-0.3916669274917645,0.003876879924247855,-0.0019890308489993753,-0.010214878949667413,37.33755222631998,1787429377.5340889
225,90,SNIFF,209.0,247.0,197.0,245.0,1,1,1,1,1,0,24.690778278979906,49.111565572713474,-0.30254810469789745,9.63899040589935,0.08960275733734034,-0.019890855466753822,-0.035404828172298494,-0.02014019071902376,37.218470807650895,1787429377.5365875
227,91,SNIFF,206.0,248.0,198.0,246.0,0,0,1,1,1,1,28.657414696959727,55.59583305794672,-0.32184103865649627,9.555962086408355,0.08440795392740877,-0.017481315606959487,-0.01570837762375501,-0.022031417807398784,37.024071514526504,1787429377.539711
230,92,SNIFF,207.0,249.0,200.0,243.0,1,1,1,0,1,0,26.87833970871978,48.44776458988562,-0.3145721654457682,9.61618869905892,-0.3520250840363857,-0.01578676160556572,-0.014146308117681083,-0.019053295492522732,36.93794065004691,1787429377.541573
232,93,SNIFF,204.0,250.0,199.0,244.0,1,1,1,0,0,1,25.325392986398192,56.26246038632297,-0.3261321174642422,9.633607015963289,-0.10362381718546329,-0.011956168642609025,-0.013926031120093305,-0.025596648755319494,37.25797709518368,1787429377.544175
235,94,SNIFF,204.0,250.0,200.0,243.0,1,1,0,1,0,0,28.91931515606212,60.85348725249662,-0.3183024088153313,9.593009891325108,-0.2070114225384047,-0.0316857964393086,-0.03038686909332573,-0.03802609474647903,36.79842138983907,1787429377.5468142
237,95,SNIFF,206.0,249.0,202.0,241.0,0,1,0,1,0,1,19.795922350607782,52.718112537873026,-0.3148920256712832,9.586650942828962,-0.37358118502787246,-0.04100285394979136,-0.02210675886504332,-0.025258562867107603,37.32382100369297,1787429377.5489492
240,96,SNIFF,204.0,250.0,202.0,241.0,1,0,0,1,0,1,23.5358038977755,56.152088205546534,-0.3622165202351301,9.635024434472884,0.1448227603284087,-0.04901580606754978,-0.007941150225477943,-0.05032053291410666,37.18897958019154,1787429377.5511994
242,97,SNIFF,203.0,250.0,201.0,244.0,0,1,1,0,0,1,25.866821041932248,43.02839356171947,-0.37918136905942096,9.601588592305271,-0.298927938887088,-0.0065370270698809005,-0.032973117935738816,-0.003429835707624465,37.12406470583037,1787429377.5535657
245,98,SNIFF,202.0,251.0,201.0,244.0,0,1,1,1,1,0,29.63225137407194,42.78382048459382,-0.31176404753815823,9.645605943078127,-0.5870733564854228,-0.02384469901017163,-0.01515204137438729,-0.027550356802932476,37.05312244852174,1787429377.556079
247,99,SNIFF,202.0,251.0,201.0,244.0,1,0,1,1,0,0,18.42731535504758,51.303638949371745,-0.35890085110428455,9.604874540826417,-0.008942023131993153,-0.00257704128955687,-0.03294647019947741,-0.01184433918871183,37.04280467841373,1787429377.5597935
250,100,SNIFF,202.0,252.0,201.0,243.0,1,1,1,1,1,1,27.21534970255025,49.45075988349075,-0.41520368696787213,9.6064092789148,0.025462188557077943,-0.013796733260379253,-0.022569761816858637,-0.019528328814008344,36.91904169047794,1787429377.567766
252,101,SNIFF,204.0,251.0,198.0,244.0,1,0,1,1,0,1,25.887667699583872,46.03819930386807,-0.39179886065469305,9.685666719065907,0.15297336800979688,-0.01995243250157875,-0.003948283289110493,-0.01825749350703188,36.93330513625316,1787429377.5677812
255,102,SNIFF,203.0,254.0,195.0,246.0,1,1,0,1,1,0,24.14977713470168,55.97932930699042,-0.3754304449746693,9.578866681961998,0.1483462255574173,-0.025736489172999474,-0.02062986922576012,-0.014398985451421044,36.92417014973029,1787429377.5685484
257,103,SNIFF,201.0,255.0,195.0,247.0,0,1,1,1,1,1,24.02856092441776,39.13872007347911,-0.40646076305901385,9.540913313056974,0.29840740688690853,0.005762564730958122,-0.019147308034725023,-0.016980738143863097,37.13819552696075,1787429377.5708156
260,104,SNIFF,200.0,256.0,195.0,247.0,1,1,1,0,0,0,25.862100539861466,50.322515377943006,-0.40055050677780185,9.548883100030729,-0.6786695743314499,-0.023596459012087494,-0.020415873081491148,-0.03384214036851139,37.4044814450721,1787429377.5731735
262,105,SNIFF,202.0,256.0,194.0,246.0,0,1,1,1,0,1,29.483291081466554,45.17284021865112,-0.368454461646714,9.64202872091814,-0.02930859007152927,-0.011390053215639389,-0.018631767389536806,-0.011730805557796943,37.144064633773425,1787429377.5760226
265,106,SNIFF,201.0,259.0,193.0,245.0,1,1,1,1,1,0,26.25079321294686,50.6452050803218,-0.36963979316012807,9.634973123505887,0.2077560280154495,-0.01779988553731373,-0.014891832354744807,-0.02237776433727973,37.19439644302086,1787429377.5783556
267,107,SNIFF,200.0,262.0,191.0,245.0,1,0,1,1,1,1,26.995735641586634,55.07782437384638,-0.3460064255978224,9.72397579798073,-0.1963690072285181,-0.014703668591138218,-0.02593261826326851,-0.02145980816577162,37.05610369080429,1787429377.5826805
270,108,SNIFF,200.0,261.0,193.0,244.0,1,1,0,1,1,0,27.330129252390563,45.14327762541603,-0.3725303187311595,9.648459248422041,-0.3460220112672748,-0.030051776608901737,-0.01705308067565564,-0.013286460900472611,37.46023166973041,1787429377.5844235
272,109,SNIFF,199.0,259.0,193.0,247.0,1,1,1,1,1,0,27.340169470149654,50.31018992857169,-0.43502273113845785,9.570219031663163,-0.3515401960424616,-0.032991908272419726,-0.025212606436936253,-0.03438211294927665,36.82750304947504,1787429377.586118
275,110,SNIFF,198.0,258.0,194.0,248.0,1,1,1,0,0,1,26.692028558608904,38.862130597313254,-0.3355581313225185,9.63900678776162,0.13315443400041688,-0.02886503814359575,-0.029545752177484837,-0.019186248273205166,37.218160004722016,1787429377.5883074
277,111,SNIFF,199.0,259.0,193.0,247.0,0,0,1,1,1,1,22.534335445362245,50.08338925599507,-0.3279877264283343,9.617186302745976,0.14904575601683628,-0.0076576281792805,-0.0045366169342534995,0.0003297274763579931,37.21719869614953,1787429377.590731
280,112,SNIFF,198.0,258.0,194.0,248.0,1,1,0,0,1,1,22.306080880266784,43.73633557118815,-0.282736262078126,9.652023423855395,0.05047356767474212,-0.027463792175837845,-0.02955725329252834,-0.0008598844194312553,36.92126550312677,1787429377.5931642
282,113,SNIFF,200.0,259.0,194.0,245.0,1,0,0,1,1,0,30.135144671755597,42.90529656676138,-0.3566775037719491,9.672281332699395,-0.4250484575528749,-0.019366664922629596,-0.011770019508565882,-0.04233413950873407,37.22764102587066,1787429377.5973132
285,114,SNIFF,199.0,259.0,194.0,246.0,1,1,1,1,0,0,26.50746790518337,31.61732080212562,-0.36496042720419897,9.620289498741744,0.021683653469801098,-0.027883422681992266,-0.01066620285527173,-0.007895017183814449,37.42098809779155,1787429377.600833
287,115,SNIFF,199.0,259.0,194.0,246.0,1,1,1,0,1,1,30.659777780752513,55.566454397307226,-0.22120922578657579,9.617876840034516,0.02752040548966829,-0.0004543427891674414,0.00015785759516184078,-0.016135200300790613,36.64746489886525,1787429377.6008482
290,116,SNIFF,197.0,259.0,193.0,249.0,1,1,1,1,0,0,27.98448283235514,52.197997601900255,-0.26910634957288887,9.66308794390119,0.14181988941519252,-0.012491849173625417,-0.0015964183939254119,-0.014724871211637033,37.42805065618886,1787429377.6039479
292,117,SNIFF,199.0,257.0,195.0,247.0,0,1,1,0,1,0,24.033836695371335,50.507967684396576,-0.23329335531858833,9.720251279855342,-0.39730597662613765,-0.02749335644574488,-0.009360737871332663,-0.012304316112305754,36.789047738464944,1787429377.6064045
295,118,SNIFF,199.0,259.0,194.0,247.0,1,0,1,0,1,0,21.259261677870732,36.881348127496594,-0.2560751247329659,9.68387215803959,0.08118140954295874,-0.008916721577991078,-0.01550522723472206,-0.013157171883925754,37.12954699301005,1787429377.6087873
297,119,SNIFF,197.0,260.0,194.0,246.0,1,0,0,0,0,1,24.581210788161293,35.364502168564314,-0.2784270898245674,9.696322031143342,-0.46500159071660185,-0.016212477612841496,-0.014975893593057696,0.00210100678818961,36.89342702432946,1787429377.6138082
300,120,SNIFF,197.0,262.0,194.0,244.0,1,1,1,0,0,0,22.450144701031363,43.0409642853982,-0.18962298203188052,9.685366102691948,-0.7345113243508576,-0.004080393213291591,-0.027738969494476635,-0.008052097911798096,37.2562346331287,1787429377.6144264
302,121,SNIFF,197.0,262.0,192.0,246.0,1,0,0,1,1,0,30.4398785724228,58.14057894478378,-0.27254391126328203,9.657173598730779,-0.408671095702631,0.0035890391586934633,-0.02919552288194624,-0.02658124476035368,37.50997811322583,1787429377.616772
305,122,SNIFF,195.0,261.0,193.0,248.0,0,1,1,0,0,1,25.029523810398906,44.25193039579263,-0.2138007881891809,9.755147234000173,-0.6037792218379264,-0.0014523862768864738,-0.021911352306037274,-0.010703473311393125,37.214022631746644,1787429377.6194167
307,123,SNIFF,196.0,259.0,194.0,249.0,1,1,1,1,1,1,28.16452335287216,45.03449455559203,-0.10671283292857921,9.71884340491893,0.1040925729391391,0.0030510429274001596,-0.010490870295488343,-0.009171625531021712,36.94811738665878,1787429377.6225312
310,124,SNIFF,195.0,260.0,193.0,250.0,1,1,1,1,1,1,27.310985879807795,53.50501444011374,-0.18998954708772395,9.746777508962307,0.0686878571207106,-0.0101734255630741,-0.01494498252164252,-0.01466704628206435,37.56330539922802,1787429377.624322
312,125,SNIFF,194.0,261.0,193.0,250.0,1,0,1,1,1,0,29.063821810904933,45.42805085703806,-0.13949148586574922,9.745233916554586,0.2885163033684775,-0.00826463442711693,-8.897126035902446e-05,-0.015259801444743181,37.310615357405055,1787429377.6276276
315,126,SNIFF,193.0,261.0,193.0,251.0,0,0,1,1,0,1,26.86481870529075,54.82928339517427,-0.06009907769669942,9.74886406246303,0.1401479314508969,-0.008529804438044311,-0.011473141822776516,0.011609142697003277,37.15695110868477,1787429377.6307285
317,127,SNIFF,195.0,260.0,189.0,253.0,1,0,1,1,1,0,26.978727701949403,50.87308883201358,-0.07869685298489174,9.723922121288256,0.19331381268283301,-0.010366374314477199,0.00653602393294461,0.00047541254502728777,37.32624766561343,1787429377.6328132
320,128,SNIFF,196.0,260.0,188.0,254.0,1,1,1,0,0,1,25.567066646708106,47.39823508907487,-0.08834713908181217,9.723320245354616,0.48262003826790134,-0.02265425307907437,-0.00030661121566205596,-0.022095596534857216,37.49802486845932,1787429377.6348574
322,129,SNIFF,195.0,258.0,189.0,255.0,1,1,1,1,1,1,28.559744663203162,58.84047848865053,-0.04142532928003967,9.769569547984341,-0.008919560318987052,-0.02031427922648284,0.0024754970588971967,0.020511808722483347,37.474468468573306,1787429377.6367037
325,130,SNIFF,193.0,260.0,189.0,256.0,1,0,1,1,1,1,34.63463604281934,52.818949539229806,-0.0022415844448314126,9.762835976284013,0.29076270425278794,0.0006373981827376006,0.003785112509833679,-0.010789356130234112,37.40765798579677,1787429377.639274
327,131,SNIFF,192.0,262.0,189.0,256.0,1,1,1,0,0,0,29.29488370817517,46.38213012459798,0.00210465332987287,9.738766941924583,-0.20834517204327024,0.00808942570476532,-0.013491074817581808,-0.016862648290337866,37.5314752240465,1787429377.6446023
330,132,SNIFF,190.0,261.0,191.0,256.0,0,1,0,1,1,1,22.05503955793361,49.66588968410004,-0.014476201636388634,9.814854231248878,0.3062251123732742,-0.010480177215038883,-0.0027365835231274054,-0.0014106771456605925,37.15720937122784,1787429377.6446195
332,133,SNIFF,191.0,259.0,192.0,255.0,0,1,1,0,0,0,35.57070689207296,43.65567953202033,-0.0227224760978805,9.820592588645598,-0.19747843739077353,0.01432876983550545,-0.007211133710626762,0.0008372809078372725,37.253632556191064,1787429377.6484394
335,134,SNIFF,190.0,260.0,193.0,254.0,1,1,1,1,1,0,25.920393316373655,46.06553922540611,0.017592153570348754,9.717843005024934,-0.2804937938727159,0.0005874400863071969,-0.004596014728606107,-0.003314290242039067,37.513155906240655,1787429377.6501586
337,135,SNIFF,191.0,256.0,194.0,256.0,0,0,0,1,1,0,31.147369050582014,38.54142256552231,0.07852219337205528,9.762801777556325,-0.6103506206962004,0.0026604580926146574,-0.016315999303174886,-0.001148942224647662,37.299054589213725,1787429377.6521049
340,136,SNIFF,191.0,257.0,192.0,258.0,0,1,1,1,1,0,27.209032873941844,49.31987601296116,0.06792219005549477,9.832698352143117,-0.08462012998326542,-0.0011318123426158405,0.004633417330100652,-0.027984865454002812,37.222986782316205,1787429377.6545813
342,137,SNIFF,191.0,259.0,190.0,258.0,0,1,1,1,1,1,33.36502245770762,42.413417832936716,0.1074415003565342,9.836622405259373,-0.33143106627719104,0.0022252807186494685,-0.0031156904687637023,0.004236877406376077,37.011115424319385,1787429377.6583357
345,138,SNIFF,190.0,262.0,192.0,255.0,1,1,1,1,0,0,25.332897063992057,54.49859332194873,0.12457487991485605,9.756833973236471,0.16628815195968896,0.017347569921274033,0.016207163965317517,0.0010479889626427976,37.3277518763352,1787429377.6646695
347,139,SNIFF,190.0,262.0,193.0,253.0,1,1,1,1,1,1,29.30285456570124,54.61937588764859,0.08036847435855965,9.837488485442547,-0.3173991152738288,-0.004309626109600402,-0.015582696290270365,0.020157282674485407,37.31118240625989,1787429377.66576
350,140,SNIFF,189.0,263.0,191.0,255.0,0,1,1,0,0,1,23.693206044289994,47.30309942138177,0.14688288456292603,9.866801042768234,-0.029538956493623855,0.006244132427617508,0.005407453357981277,0.004735021540550054,37.08542979403307,1787429377.6682599
352,141,SNIFF,190.0,262.0,192.0,254.0,1,1,1,1,0,0,18.337739342124024,51.66999763742302,0.18477556573020593,9.872934994347945,-0.45247085434397183,-0.001599598066143658,0.008042687991076197,0.0242169902096372,37.201441412075276,1787429377.670341
355,142,SNIFF,189.0,260.0,193.0,256.0,1,0,1,1,1,1,33.36860263427305,61.54697622207544,0.183409466739843,9.874105221614792,0.06238986768364624,-0.00045420122302456713,0.009949551943192575,0.008695153008267627,37.298653558767825,1787429377.6738827
357,143,SNIFF,188.0,260.0,193.0,257.0,1,1,0,1,1,0,23.729111426989192,46.27507168591647,0.20284268698318791,9.901962917194263,0.03385012448459784,0.016692575687846087,0.0027285750220512406,-0.001078186069347533,37.03562164569139,1787429377.6755977
360,144,SNIFF,191.0,259.0,193.0,256.0,1,1,1,1,1,1,28.040554862453767,59.17588087380378,0.1620956233377645,9.876274771015634,-0.38766157253294325,0.039110516858769394,-0.0023455312573236343,-0.004058620181012544,37.22339604680478,1787429377.677961
362,145,SNIFF,188.0,259.0,194.0,257.0,1,1,1,1,1,1,28.046054807676768,50.84994018434615,0.24957576098559875,9.913135326195816,0.08987000492118088,0.023094133056621537,0.011666821162917188,0.014720674171174427,37.07235457442486,1787429377.6804283
365,146,SNIFF,188.0,259.0,192.0,259.0,0,1,0,0,1,1,24.36440363916484,50.24708012209507,0.2292459433976547,9.911885766151181,-0.31549859231322613,-0.002119743530070278,0.02215748563224338,0.006574292844390918,37.199776055600424,1787429377.6829484
367,147,SNIFF,183.0,259.0,195.0,261.0,1,1,1,0,1,1,23.29501321054554,55.3913316808557,0.29039071022318397,9.94902394960245,-0.3637990022134652,0.01814743644577471,0.00317501816420814,0.009459984802778303,37.435636970563436,1787429377.6855993
370,148,SNIFF,187.0,259.0,192.0,260.0,0,0,1,1,1,0,25.471595148747497,51.362976790324794,0.30132256129326074,9.882844618146649,0.37118991386035216,0.028596431800153803,0.0161893195644684,0.013010801434630796,37.14108624906768,1787429377.690095
372,149,SNIFF,184.0,258.0,192.0,264.0,1,1,1,1,1,1,26.113306980331764,40.40030399549393,0.2837594023591517,9.977521922651782,-0.529341812139735,0.01406376845948062,0.01738245722945601,0.0069753708359345,37.193851233547896,1787429377.6901405
375,150,SNIFF,183.0,259.0,193.0,263.0,1,1,1,1,0,0,20.71454371341892,47.31756444879281,0.26977617298257817,9.993854583254342,-0.16146751730085662,0.03007648397333537,0.012667939148292895,0.017217038871718857,37.18819155653899,1787429377.6938791
377,151,SNIFF,188.0,258.0,191.0,261.0,1,1,1,1,1,1,24.93855956674298,47.224871696343044,0.3802316523730327,9.931035982359415,0.2559787033807659,0.026605019254533218,0.0393893721171113,0.004249769075956283,37.11576940346857,1787429377.6950984
380,152,SNIFF,188.0,260.0,190.0,260.0,0,0,1,1,1,0,25.31836137106007,50.07942003681002,0.34049711816927986,9.84890852601919,-0.508500456264471,0.03309607742299821,0.022103001615514227,0.010461759474353613,36.954098520528085,1787429377.6982434
382,153,SNIFF,188.0,261.0,190.0,259.0,1,1,1,1,0,0,26.803401189103724,47.758916016914924,0.288053205232881,9.91562661749916,0.2646227464950689,0.015430502277608962,0.007722747450126114,0.011698316455956351,37.01929311068475,1787429377.7001193
385,154,SNIFF,188.0,261.0,189.0,259.0,0,1,0,1,0,0,24.83973690425099,50.02479729592919,0.28550485485262805,9.904989827047562,0.24232694719986517,0.01850694919174398,0.04123265953980628,0.01821965063944808,36.88578045148588,1787429377.7023168
387,155,SNIFF,189.0,263.0,187.0,259.0,1,0,1,1,1,1,24.116713368897855,54.43595615404942,0.24093783392375925,9.945252897936541,-0.2645418156353679,0.003711776030441736,0.017094409424406425,0.009575681465511895,37.38747539338393,1787429377.705578
390,156,SNIFF,187.0,265.0,185.0,260.0,1,1,1,1,1,0,25.717137633102148,50.26794968578079,0.342307109841932,9.947159206559494,-0.43173446935160187,0.011998380493222412,0.025032577340884897,0.027747209464803094,37.52319648483241,1787429377.7085001
392,157,SNIFF,188.0,265.0,186.0,259.0,0,1,0,1,1,1,26.970577085295446,53.33969999406533,0.30370502444984165,9.884906656925924,-0.010046363430496835,0.020437896428355622,0.025459288207598314,0.024043881671432656,37.210366419798575,1787429377.7134426
395,158,SNIFF,188.0,265.0,184.0,261.0,1,1,0,1,1,1,24.408888344239166,52.233953360361824,0.36976078161914827,10.03548017519325,-0.16865446786958493,0.05150870460496608,0.01891578630022753,0.0237430139714199,37.28369981491008,1787429377.7137802
397,159,SNIFF,187.0,263.0,182.0,266.0,1,1,1,1,1,1,23.42055877345068,52.04264266100927,0.2914896046245874,9.911821688253239,-0.12238473967346683,0.024636735923269835,0.02471803081435812,0.025936211114870242,37.39533307399563,1787429377.7183576
400,160,SNIFF,187.0,265.0,179.0,267.0,1,1,1,1,1,0,28.76036566070158,41.79234633570883,0.3471445626546742,9.964292619763672,-0.4086691637957376,0.005310604782296844,0.013170460874377676,0.02594017534893643,37.217250767245005,1787429377.7225738
402,161,SNIFF,186.0,265.0,182.0,266.0,1,1,1,1,0,0,27.715861564508792,47.94293208254098,0.34363841397773576,9.928970126239403,-0.2766804135161669,0.03151906156553956,0.01682208263275934,0.0309290536745305,37.34082962832796,1787429377.722838
405,162,SNIFF,184.0,268.0,183.0,264.0,0,0,1,1,0,0,27.020328175471036,46.44812715362012,0.4096380317374968,10.008982734503464,0.3474797535532374,0.023522838902604495,0.006054075889193513,0.004227920574903364,37.11022447594392,1787429377.7263465
407,163,SNIFF,186.0,265.0,184.0,262.0,0,1,0,1,0,1,27.038167062286156,51.54947712198336,0.3657560780384514,9.990232309154234,0.19102454057915208,0.010153789282900623,0.032806321684393173,0.013142793470631985,37.42987536819157,1787429377.7294674
410,164,SNIFF,187.0,263.0,186.0,262.0,1,1,1,0,1,0,27.322078114350383,59.67146286480494,0.32286256627785936,10.024522193000697,-0.35837100101013053,0.01807571740990014,0.022524501977935048,0.010528191680092303,37.41629009392571,1787429377.7321296
412,165,SNIFF,187.0,264.0,186.0,260.0,1,1,1,1,0,1,23.771317891787604,57.8270821826933,0.3083514123226007,9.853082710926943,-0.3199111810805879,0.014900487853359526,0.03633390708917282,0.026583726071220854,37.15657127738474,1787429377.733754
415,166,SNIFF,188.0,264.0,187.0,259.0,1,1,1,1,1,1,29.757681687192722,55.85593969889504,0.3475368275620819,9.961782311784654,-0.2148011182265503,0.02362171603440947,0.0276088455070938,0.042724299604072896,37.09876614666154,1787429377.7367053
417,167,SNIFF,188.0,262.0,187.0,260.0,0,0,0,1,1,1,26.662061848067047,54.67297830272619,0.3392207195501153,9.941125867889724,0.27843649406585363,0.030289992420880974,0.006488512428828495,0.01941954122269951,37.20379823732802,1787429377.7386377
420,168,SNIFF,189.0,260.0,187.0,262.0,1,1,1,1,0,1,32.75021215794656,54.69276943456845,0.2991818801397874,9.969953782428545,-0.40341370707829904,0.004171673172051318,0.016970397403196683,0.028093239366581327,37.21298861751015,1787429377.7413554
422,169,SNIFF,190.0,262.0,186.0,261.0,0,1,1,0,0,0,26.862031877207023,44.43005521526584,0.21456516499536984,9.892409306284714,-0.3803641650981759,0.017662429742753262,0.015446853919974062,-0.00658583053534937,37.14896716499571,1787429377.743256
425,170,SNIFF,188.0,261.0,186.0,263.0,0,0,1,1,0,0,33.51351652797252,45.986543959979485,0.2974958862416227,9.932552903627695,-0.3587261282768646,0.016865645917660363,0.02190520721070498,0.022895456035785303,36.98525951745644,1787429377.745452
427,171,SNIFF,186.0,261.0,185.0,266.0,1,0,1,0,1,1,23.14781167323474,56.31112916316512,0.2979336918605109,9.949971224197498,-0.6308354895386233,0.016702244828575838,0.025635463337426237,0.029895023226543808,37.29868639763674,1787429377.7477078
430,172,SNIFF,188.0,259.0,183.0,268.0,1,0,1,1,1,1,26.031976118195253,49.30799003115598,0.259495632836788,9.946752416387143,-0.014232207751026328,0.02913989226387584,0.021061756408600116,0.031979677261816955,37.57542729506633,1787429377.750709
432,173,SNIFF,189.0,256.0,186.0,267.0,1,1,0,1,1,0,33.92904120058236,50.27907902128845,0.2640208771775363,9.969919184407253,-0.24693201585713184,0.02126622882181041,0.01742354238826784,0.03951466045923419,37.092340180936674,1787429377.7526069
435,174,SNIFF,189.0,253.0,186.0,270.0,1,0,1,0,0,0,26.40728245241319,41.52415386439267,0.3309856627792166,9.921628429711893,0.03322522903068661,0.011625102575384414,0.01877904636326488,0.028778816592603357,37.48421518761396,1787429377.7553267
437,175,SNIFF,190.0,250.0,186.0,272.0,0,1,0,1,1,1,24.004249800152216,55.3360775226341,0.26387115104060843,9.974365107085344,-0.6976419893633672,0.018164028744847474,0.031771818196420075,0.020576192658132788,37.21790179995276,1787429377.7591348
440,176,SNIFF,191.0,249.0,185.0,273.0,1,1,0,1,1,1,25.025887833100555,57.932815364470855,0.30275124299116296,9.940294627460569,0.28112115309491553,0.030229138553391932,0.017121514012182815,0.025382884102772563,37.309175767547835,1787429377.7606895
442,177,SNIFF,190.0,251.0,184.0,273.0,1,1,1,1,0,0,23.090529037363474,50.24201843332814,0.29899027690186875,9.938615717468073,0.11354249816179088,0.019894457095800722,0.02062116459687037,0.027063564840553413,36.89192912483032,1787429377.7632008
445,178,SNIFF,189.0,253.0,182.0,274.0,1,1,1,0,1,1,26.70819739003965,52.11201772362578,0.27221311395061576,9.882479995915785,0.2708974518785833,0.015359737581820269,0.027339982490665424,0.01056735813469521,37.04782705099037,1787429377.7656562
447,179,SNIFF,190.0,252.0,180.0,276.0,1,0,1,1,0,0,28.870902435000254,50.680223228151334,0.21205734843626922,9.890595901351812,-0.08016477104332304,0.018582087458801168,0.020296563382510794,0.006221143494279187,37.29812138049118,1787429377.7690194
450,180,SNIFF,191.0,251.0,181.0,275.0,1,1,1,1,0,0,28.58006675726024,62.32727056772467,0.2224921099688476,9.844574368193095,0.09587036975174257,0.018719543108500714,0.02243477310022699,0.003483577739049887,37.040068515540476,1787429377.771463
452,181,SNIFF,189.0,250.0,182.0,277.0,1,1,1,1,1,1,29.87298236948518,64.50683321669868,0.23471531018335384,10.023007008119148,-0.1367824742276915,0.011484335270835547,-0.0005537360313543488,0.031156610106880353,37.35730335026637,1787429377.7745552
455,182,SNIFF,189.0,252.0,181.0,277.0,0,0,0,0,1,1,27.313095848324124,46.23453655273383,0.16960332552552826,9.938788107749083,0.3703364919914302,0.00790469066007543,0.018400162317162037,0.012262727411421485,37.44538817528719,1787429377.7765782
457,183,SNIFF,189.0,252.0,182.0,274.0,0,1,1,1,1,1,19.77664235334026,59.98865635248963,0.20486260079764962,9.852133440997152,-0.0755885437522782,0.02821539087562159,0.017224977334791815,0.0013909830184034681,37.47348030554769,1787429377.7779927
460,184,SNIFF,188.0,253.0,182.0,274.0,1,1,0,1,0,0,26.05954350083038,52.41464452006113,0.23748599064933773,9.924499518316152,-0.06088470116664055,0.034824203623189984,0.00660048685650237,0.015712933130892975,36.85312284751022,1787429377.782577
462,185,SNIFF,188.0,253.0,182.0,275.0,0,1,0,0,1,1,23.466983190905623,53.36924692771787,0.10937641465401088,9.943605430616218,-0.3081745689602236,0.016268159088607546,0.003290372560582195,0.0109564761699163,37.72529698180738,1787429377.782602
465,186,SNIFF,190.0,255.0,182.0,271.0,1,1,1,1,1,0,25.798103708874315,44.65082327196778,0.1714745920447991,9.835834195245775,-0.19516653304801576,0.008834427857251845,-0.0001295299743734879,-0.0017767547314243032,37.17159207835341,1787429377.7860494
467,187,SNIFF,190.0,255.0,183.0,270.0,1,1,1,1,1,1,26.184813103259813,54.17847134493661,0.16296404960205865,9.847407714015299,0.2651530191493427,0.016669624914471905,0.01677318867319145,0.01502874777628091,37.25641757816698,1787429377.7880647
470,188,SNIFF,189.0,252.0,183.0,274.0,1,1,1,1,1,0,19.650028705074796,45.45432965274651,0.15682765273561725,9.850299552425582,-0.11948510299589063,0.026022226341123396,0.0038480213826620176,0.005836926826273052,37.05461500821397,1787429377.7901933
472,189,SNIFF,191.0,252.0,182.0,273.0,1,1,1,0,0,0,24.22351418253794,54.55631125298446,0.1750755076113898,9.858202930277965,-0.0247909312445855,-0.000949921638243284,0.015738946229705366,-0.006098635731683538,37.385509155462714,1787429377.7952926
475,190,SNIFF,193.0,251.0,180.0,274.0,1,0,1,1,0,0,27.500432655016766,38.885462510066276,0.18508335807136536,9.83018682491508,-0.23914496247003547,0.015115763773104647,0.009805091221496077,-0.008340854995684337,37.55624538551632,1787429377.804929
477,191,SNIFF,192.0,250.0,183.0,274.0,0,1,1,1,1,1,24.723577037788104,45.50750225611449,0.12876882793949074,9.855998728626696,-0.4676745253779223,-0.0006125732027102582,0.018333778158369417,0.00944271069597966,37.180227376807544,1787429377.8051798
480,192,SNIFF,192.0,251.0,182.0,273.0,1,1,1,1,0,0,29.83522662404384,57.39187641959013,0.14175559461545004,9.811458957057557,0.032226354301552115,0.009122135064838405,0.022892222223598775,0.004285630342491064,37.24705794183398,1787429377.8094668
482,193,SNIFF,191.0,249.0,186.0,273.0,1,1,1,1,0,0,20.469047318805494,49.472435543480614,0.12076265296948116,9.836336310198341,0.2357586757898269,0.004027205437304635,0.0022209452843519294,0.0037118124651470677,37.37327324699701,1787429377.8117938
485,194,SNIFF,190.0,251.0,185.0,271.0,1,0,0,1,1,0,21.14132669076575,54.2846824913198,0.09573173727947035,9.748711683011017,-0.29494201885652405,0.005335104004825899,0.0011500166131128099,0.00917986108446326,37.263008607223234,1787429377.8138654
487,195,SNIFF,191.0,252.0,184.0,271.0,1,1,1,1,0,0,24.04526972414815,58.439693201903864,0.031112940169546945,9.818744249647853,-0.28219429896888004,0.005916455212241182,-0.010297312377203407,0.005684745346175115,37.147579155451076,1787429377.8159277
490,196,SNIFF,192.0,252.0,184.0,270.0,1,1,1,1,0,0,28.569268586001982,53.975156778687676,0.06231400759925743,9.733006591819416,-0.3535124925137239,0.019942569684323022,-0.004331376526488672,0.005244044063642226,36.9918798290317,1787429377.82121
492,197,SNIFF,189.0,254.0,187.0,268.0,1,1,1,0,1,1,27.292333031751603,48.10325076818907,-0.01477307272771074,9.775087019645525,-0.022937287375940293,-0.005930797057232286,0.0027959167461314434,0.004533895634524022,36.913155558508485,1787429377.8213725
495,198,SNIFF,188.0,252.0,189.0,269.0,1,0,1,0,0,0,26.460723532611162,48.173956370492476,0.09831765014143164,9.821302698012452,0.45149290955270366,0.008652079165852693,0.004635815402879395,0.018759336107809062,36.80599699360569,1787429377.8257034
497,199,SNIFF,187.0,252.0,187.0,273.0,0,1,0,0,1,0,22.684499348798916,57.857153819086406,0.034815894242532855,9.788289223921193,-0.5369499202276813,-0.006728590527386553,0.010702488420516638,-0.005419364823265149,36.99111670233832,1787429377.826851
500,200,SNIFF,187.0,251.0,185.0,275.0,1,1,1,1,0,1,29.100916747402856,51.96446657118524,0.07326460695725212,9.756785398979211,0.17995897062708546,0.003549397838356062,-0.0021161035656472858,0.007865607933104807,37.287984793337536,1787429377.833354
502,201,SNIFF,189.0,250.0,186.0,273.0,1,1,0,1,0,1,20.986778950619346,51.5192270617721,-0.0037746827331771593,9.79125836450598,-0.11811637836419898,0.008578508764473362,-0.003995303109215095,-0.008034132468541413,37.29393934389707,1787429377.833365
505,202,SNIFF,188.0,251.0,186.0,273.0,0,1,1,0,0,1,26.020745794636078,51.17228549563279,0.06093349580759909,9.78067356427332,0.0612953830063589,0.014347438255524361,0.008935746182209929,-0.003949556381538647,37.326942128418004,1787429377.8361938
507,203,SNIFF,188.0,253.0,185.0,273.0,0,0,0,1,0,1,25.30495044255136,50.55306264516099,0.02180246508931241,9.735168196209578,0.1503681428028309,0.020086616455274733,-0.002077841372104972,-0.008833731540973045,37.086762145028004,1787429377.838946
510,204,SNIFF,187.0,252.0,186.0,272.0,1,1,1,0,0,0,25.606330365368876,51.469635362266814,-0.02041558770196559,9.77607864697091,0.22052438813175163,0.005441548195034789,0.0039179827876814725,0.0026707343920480556,37.18504748731734,1787429377.841361
512,205,SNIFF,188.0,250.0,187.0,274.0,0,0,1,1,1,1,23.960091294662973,56.64606403690256,-0.012134717685037544,9.688110735242516,-0.1479140524089515,-0.03131283792124881,-0.010000046599796874,-0.009147315479315476,36.85675026450309,1787429377.8446374
515,206,SNIFF,186.0,250.0,190.0,272.0,1,1,0,1,1,0,25.121353312245773,53.38964392128089,-0.09661916066729966,9.741774419568554,-0.43576971032831224,-0.001733002139991475,0.0009406629085887651,-0.0028736586217117163,37.45529417655619,1787429377.8469589
517,207,SNIFF,188.0,248.0,190.0,272.0,1,1,1,1,0,1,23.06569462599584,46.126420385253965,-0.07282170704228827,9.681327479475812,-0.07404391661658738,0.0033101552246085734,0.001787300699487614,-0.015023031228672339,37.13913796610204,1787429377.849382
519,208,SNIFF,188.0,247.0,192.0,271.0,1,0,0,1,1,1,27.221313149394767,49.12331581043273,-0.0701175107995024,9.678713458021441,-0.07087870976473666,0.006727696055916259,-0.005084450908146276,-0.0171925297481595,37.21886403127622,1787429377.8513432
522,209,SNIFF,192.0,247.0,189.0,270.0,1,0,0,1,0,1,30.209692051196683,52.73607309265478,-0.04288582277539466,9.696248513477991,-0.09135030673853747,-0.011620671768479082,-0.0024116902164409855,0.007358292272405584,36.97248120092747,1787429377.8539038
524,210,SNIFF,190.0,247.0,190.0,272.0,1,1,1,0,1,0,17.600392057099512,45.285937830394985,-0.0893403407982625,9.679809673924856,-0.20791908257061686,-0.013549875195234873,-0.004341748462137726,-0.005074867245669969,37.279904951209026,1787429377.856434
527,211,SNIFF,188.0,244.0,193.0,273.0,0,0,1,1,1,0,17.83656459740992,51.909747215918685,-0.08791336917450197,9.665491095426493,0.522935425289661,-0.017356471655202325,-0.006092277093578374,-0.025319044129730517,37.20176906133939,1787429377.860553
529,212,SNIFF,189.0,246.0,191.0,272.0,1,1,1,1,1,1,32.87643628009172,47.68132542664149,-0.11912618501373229,9.685416475299693,0.09236208660761429,0.0030870672551612157,0.0013839509820461962,-0.005937150308021783,37.2794468105958,1787429377.8625953
532,213,SNIFF,191.0,243.0,192.0,272.0,1,1,0,0,0,0,25.685056831042488,53.844710805515845,-0.1524400168439629,9.746254150585905,0.5132119459462285,-0.004810898997007795,-0.008763267322822028,-0.008545664094467857,37.24442644850989,1787429377.8640392
534,214,SNIFF,191.0,243.0,193.0,271.0,1,0,0,1,0,1,19.05031228375156,56.70544518159893,-0.13085069589546372,9.677389088744649,0.2840358890908453,-0.028597961847441476,-0.01813820432091994,-0.00042213183677241965,37.373555104105236,1787429377.8668382
537,215,SNIFF,191.0,243.0,192.0,273.0,1,1,0,0,1,0,24.45241379739499,54.59710380110171,-0.1534398259785055,9.632866160934205,-0.19892862341359643,-0.007608070506610323,0.006887099413626967,-0.007616814727171751,37.10725101244049,1787429377.8691173
539,216,SNIFF,190.0,246.0,191.0,271.0,1,1,1,1,1,1,27.80434913481529,48.43147275696177,-0.19503718106582457,9.640574111586973,-0.3491346874409561,-0.023267180663375117,-0.0017968602899122686,-0.013862430963202348,37.0810545312452,1787429377.8712268
542,217,SNIFF,189.0,245.0,190.0,274.0,1,1,1,1,0,1,25.789551627778444,53.67826525862472,-0.25160636521817603,9.672423579323992,0.15238977318636057,-0.014040905166077956,-0.012015932315630827,-0.014762188286340527,37.22329368301029,1787429377.8738506
544,218,SNIFF,187.0,244.0,192.0,275.0,0,1,1,1,0,1,22.580060876366474,50.90953906891714,-0.2470072207847675,9.730732512476454,-0.2271187846434375,0.0005564128249338461,-0.0045137566581899425,-0.008955867900158003,37.103039920099555,1787429377.8781333
547,219,SNIFF,188.0,246.0,192.0,272.0,0,1,1,1,0,0,22.997208253983352,55.063634425349335,-0.22026015969553603,9.641546352776812,-0.2119380205307967,-0.014766849499436999,-0.03030152859146574,-0.025928510875206444,37.080725666472645,1787429377.8791611
549,220,SNIFF,184.0,249.0,193.0,273.0,1,0,1,0,1,1,17.189229435458543,40.917430240160144,-0.24613316720504486,9.574175222533647,-0.03757573861238542,-0.02859939357410428,0.0004787278796884904,-0.008479809626645967,37.06159701015356,1787429377.8816128
552,221,SNIFF,185.0,248.0,192.0,273.0,1,1,1,1,0,1,27.001190690659357,50.39589981150948,-0.28715755824855305,9.616594316873604,0.5435822940315049,-0.031238347772030217,-0.02971580144612396,-0.032103152421840156,37.50941789722633,1787429377.8834157
554,222,SNIFF,185.0,249.0,191.0,273.0,0,0,1,0,0,1,22.53259056030658,57.415990896580354,-0.31888233212199363,9.685671537281022,0.10561916256925022,-0.01071125720001443,-0.02569572662095963,-0.019823883212141683,37.060864176096665,1787429377.8860447
557,223,SNIFF,183.0,252.0,192.0,272.0,1,1,0,1,1,0,29.391493157989373,47.462514465064984,-0.3313384405470494,9.620383592016521,-0.36479765432023326,-0.013610542881436462,-0.015119191554941853,0.0001806671181862271,36.99594734157632,1787429377.8883717
559,224,SNIFF,184.0,250.0,193.0,272.0,1,1,0,1,0,1,35.87678414677127,46.26898405637357,-0.26560973890110134,9.611915042373209,0.07250708127154334,-0.02992307342156718,-0.012419336904345463,-0.010582206988247139,37.076604099249046,1787429377.892853
562,225,SNIFF,185.0,250.0,192.0,271.0,1,0,1,0,1,1,28.050379973724915,51.54617432765933,-0.2626332565338301,9.666638425270232,-0.08303031171509204,0.0028227392691926537,-0.006165204929028369,-0.021816967005431846,37.24587753229849,1787429377.8966153
564,226,SNIFF,185.0,249.0,195.0,269.0,1,1,0,1,1,1,20.50779736172543,47.12882903145341,-0.3233264724486128,9.69214229949418,-0.13022464633767197,-0.02634138357165837,-0.028686931586673303,-0.015754100444548946,37.35938873800565,1787429377.898207
567,227,SNIFF,184.0,252.0,196.0,267.0,1,1,0,1,1,1,29.818511174609228,54.8547049303136,-0.35507527036951936,9.588484858898733,0.09749716088971914,-0.009000013287022376,-0.029209290638442922,-0.02080946418298881,37.26367184531495,1787429377.899478
569,228,SNIFF,184.0,252.0,198.0,265.0,1,0,0,1,0,0,20.00441888155943,49.953642313365904,-0.35211863263859705,9.57878884476602,0.5937105337099943,-0.011679502911588431,-0.01786403765683235,-0.0028230531344340427,37.25446668022567,1787429377.9014199
572,229,SNIFF,181.0,251.0,200.0,266.0,1,0,1,0,0,1,27.433410604056142,60.686230755453764,-0.413065369624089,9.573692229125959,-0.10418028604828203,-0.01546332775923682,-0.03218828386397245,-0.032297404910945605,37.13865739644466,1787429377.903972
574,230,SNIFF,182.0,250.0,201.0,265.0,0,1,1,0,0,1,32.568646767721624,51.86823877472996,-0.34710950986844824,9.491751454469712,0.20479072531906822,-0.013417750640699597,-0.015379996680307687,-0.02086513962577802,37.35218910517623,1787429377.907325
577,231,SNIFF,181.0,250.0,200.0,267.0,0,1,1,0,0,0,32.18358591911459,51.44042907585248,-0.3704834233626565,9.621863984769949,0.6142539895322546,-0.038470943200718685,-0.02598865288290748,-0.012919409083490865,37.26606146243551,1787429377.9120367
579,232,SNIFF,182.0,252.0,200.0,265.0,1,0,1,1,1,0,24.271552958187947,50.585559565110884,-0.3669475637799852,9.599907281185304,0.206791446328121,-0.031634659259170646,-0.00808532464895031,-0.03245774388534868,36.99945239757029,1787429377.9124706
582,233,SNIFF,186.0,252.0,197.0,263.0,1,1,1,1,1,0,21.866650016043884,39.44054676826133,-0.3620044560194373,9.67961348791963,0.267522664702499,-0.026273874093322318,-0.013005146642210669,-0.027858518031821322,36.99121764508211,1787429377.915049
584,234,SNIFF,185.0,251.0,200.0,262.0,1,1,1,1,0,1,25.05500146950525,44.3322324008504,-0.358327809679995,9.61660801485708,-0.1130031128955718,-0.019991802049729494,-0.027054936802895994,-0.01770373239137612,37.214099245804235,1787429377.9174476
587,235,SNIFF,185.0,251.0,198.0,264.0,1,1,0,1,1,0,22.85199206610983,34.63557568604827,-0.38360183293155314,9.714872374176776,0.41924616540101756,-0.006871415494540251,-0.011962286700407446,-0.0013860670717593046,37.359782585518204,1787429377.9206438
589,236,SNIFF,183.0,249.0,201.0,264.0,1,1,0,1,1,1,23.6282965187184,56.64295571265977,-0.4190742568951112,9.571066564652742,-0.07654761481221356,-0.03478769928384375,-0.03696042528001224,-0.023906265034351348,37.18122163469633,1787429377.9250968
592,237,SNIFF,185.0,248.0,202.0,262.0,1,1,0,1,1,1,28.20691307617512,52.558684497189645,-0.4370593896297959,9.609430004950248,0.31996239248150504,-0.019728088294699516,-0.027435824568623788,-0.03201741742352984,37.1283981388218,1787429377.9251137
594,238,SNIFF,187.0,250.0,199.0,262.0,0,0,1,1,1,0,24.693506665728783,49.06361899506858,-0.3956564725105685,9.618335969997295,0.48995018388258804,-0.02380113375804982,-0.031162323872739192,-0.01733725932640009,37.37996516642566,1787429377.931859
597,239,SNIFF,188.0,250.0,198.0,262.0,1,1,1,1,1,0,19.005927882065905,55.19838440214559,-0.38949823602146433,9.602110687904494,0.2161089532626564,-0.012912201115901351,-0.03274692324016577,-0.030950960756511492,37.37087693213568,1787429377.9320912
599,240,SNIFF,186.0,248.0,198.0,266.0,1,1,1,1,1,0,32.40350049470837,51.200031849309525,-0.34024611615858935,9.666308906598806,0.24980716918320528,-0.029322120021371592,-0.008832626196882453,-0.03441126572154528,37.029995166457546,1787429377.9345675
602,241,SNIFF,184.0,249.0,198.0,267.0,1,1,0,1,0,0,33.92479999474786,53.47561887139287,-0.3570425254939754,9.647233286097697,0.15450707251747617,-0.03300236010483236,-0.03062550242015665,-0.017316090420985215,37.27004249957171,1787429377.9388418
604,242,SNIFF,185.0,248.0,198.0,267.0,1,1,1,1,1,1,23.726231665129013,49.6051800735669,-0.3551476743250965,9.666492939214084,-0.01221054045128947,-0.03157998177018641,0.0014737239655764865,-0.024342367080979775,37.57617526140157,1787429377.9397674
607,243,SNIFF,186.0,250.0,196.0,267.0,0,1,1,0,1,0,31.1353805073172,38.66088404581929,-0.3550441248434236,9.589327891973648,0.3633907361021003,-0.026572952177081974,-0.024594937046889462,-0.022524249302356882,36.79705710381332,1787429377.942367
609,244,SNIFF,184.0,252.0,196.0,267.0,0,1,1,1,0,0,23.049772543728224,50.147298994423934,-0.4170607296820117,9.566038409626762,0.11223415966855885,-0.011525673884957247,-0.011183767510870725,-0.0139013180573906,36.9068217009933,1787429377.9455209
612,245,SNIFF,184.0,252.0,197.0,265.0,1,1,1,1,1,1,34.61387170868351,50.57417226557753,-0.3159371344942902,9.660052275143817,-0.14709338141647932,-0.01596882063495495,-0.025828330938518777,-0.02015989515054303,37.387393799117845,1787429377.9474247
614,246,SNIFF,185.0,253.0,195.0,265.0,0,1,1,1,1,0,25.31256480405201,57.07602685831523,-0.34129879895229803,9.628206258493151,0.2564903606150726,-0.02036681687938956,-0.014618494176356288,-0.0009518055071808564,37.322928809616364,1787429377.950378
617,247,SNIFF,187.0,255.0,195.0,261.0,1,1,1,0,1,0,23.94802100321303,49.43093235842899,-0.32296674573812756,9.648431178537573,0.7694074691910976,-0.004260351130547482,-0.008815707409978344,-0.0262870878931942,36.854185770651554,1787429377.952754
619,248,SNIFF,187.0,255.0,196.0,260.0,1,0,1,1,0,1,31.98282688472011,56.33965909424964,-0.2846991015378656,9.604977072164438,-0.32556399266916064,-0.0034648905153936704,-0.0027306474330694667,-0.011461396912839927,37.251356756302776,1787429377.9556904
622,249,SNIFF,185.0,257.0,195.0,262.0,1,0,1,1,0,0,25.898822937740192,55.06520714415731,-0.3209115691447726,9.612463858407763,0.059686215543434326,0.002422625858377443,-0.002620573331309691,-0.012926380051841529,37.21601652492462,1787429377.95795
624,250,SNIFF,182.0,259.0,195.0,262.0,1,0,1,1,1,0,24.66974727408656,52.0375557395311,-0.2618411085755452,9.646130608125668,-0.0953117289285305,-0.012463044351086016,-0.017816060428418018,-0.024813776239324417,37.22963577557429,1787429377.963701
627,251,SNIFF,182.0,261.0,193.0,262.0,0,1,0,1,1,1,24.021692471353568,54.963515906843014,-0.2989516931270747,9.741181696171369,-0.34368224807804887,-0.009585816962422162,-0.009881190243541834,-0.01102442186222854,37.13134884763263,1787429377.9637136
629,252,SNIFF,184.0,261.0,191.0,262.0,1,0,1,1,0,0,22.738854284821862,51.812246930601944,-0.27754518999966604,9.68109783057833,0.1712281815514225,-0.02983147537084232,-0.030440238340541714,-0.009678133856090594,37.11615186866535,1787429377.9652295
632,253,SNIFF,183.0,261.0,190.0,265.0,1,1,1,1,0,0,25.319523235479366,54.94845647928781,-0.23931602760274887,9.647250036473068,-0.22891847624355816,-0.018269992688473752,-0.0402486445833499,-0.015214662575075807,36.905751193018624,1787429377.9691467
634,254,SNIFF,185.0,261.0,188.0,264.0,1,1,1,1,1,0,21.80281265634477,49.98200213917676,-0.23674822891406416,9.69676131722314,-0.4701142107978875,-0.03306477032152151,0.001930079456072863,-0.002755793591348553,37.19643027234152,1787429377.970414
637,255,SNIFF,185.0,260.0,188.0,265.0,0,0,1,1,0,1,29.56363925971783,45.93805791432702,-0.21774194218237272,9.633780928226033,0.018598419996872173,-0.01581244434279848,-0.009278603489005804,-0.03405067901777129,37.207809017112915,1787429377.9734309
639,256,SNIFF,185.0,260.0,189.0,263.0,1,1,1,1,1,1,23.064204833544267,41.38256349012288,-0.22593619136898596,9.684920794239869,0.013505328489542681,-0.004785365732859726,0.0011592025006437086,-0.021646497869921576,37.149448461893115,1787429377.9764895
642,257,SNIFF,187.0,264.0,187.0,260.0,0,1,1,1,0,0,24.480392703565784,48.43954076327,-0.15866232438328115,9.731538516973465,0.035556025004697143,-0.010453086840917895,-0.018984119746893853,-0.0019184119074947964,37.31709724644922,1787429377.978161
644,258,SNIFF,188.0,263.0,186.0,261.0,0,0,1,1,0,1,31.49269967155459,51.580551569912956,-0.16814454026277992,9.699944946570888,0.04738944157952321,-0.013136450889335176,0.006785483726370884,-0.003233481850028222,37.13534348029673,1787429377.982095
647,259,SNIFF,188.0,263.0,184.0,262.0,1,0,1,0,1,1,22.957548187958075,50.01289448256611,-0.18769918345544723,9.696022637120333,0.40300459359428736,-0.02456877135846956,-0.0066238017880373605,0.00810189834966011,37.024874253500656,1787429377.9841607
649,260,SNIFF,188.0,266.0,184.0,259.0,0,1,0,1,1,1,21.602152452877988,56.097939215244196,-0.13577642026115957,9.789774684147337,0.11867106144134348,-0.015636940886861066,-0.013571514466049848,-0.025479166198164514,37.16225025962713,1787429377.9854863
652,261,SNIFF,192.0,268.0,181.0,258.0,1,0,1,1,0,0,25.993711982123216,50.661083466688154,-0.10576540409004115,9.721373969268893,0.9879735282248724,-0.01751789401753441,-0.004455915916142923,-0.0005805378481087906,37.38739330838287,1787429377.9909427
654,262,SNIFF,193.0,267.0,180.0,258.0,1,1,0,1,0,1,21.997897263370433,47.63658876293418,-0.06548383345712468,9.708180792258343,-0.3140002886216171,-0.020638563163469247,-0.006476292610659625,-0.018823439993616988,37.05720098055307,1787429377.991132
657,263,SNIFF,190.0,268.0,181.0,258.0,1,1,1,0,1,1,24.89876315055178,52.202866261317226,-0.05459887190806774,9.817950498643729,0.1710175683697939,0.008163463052697932,0.001927267003804209,-0.0014551025405578554,37.152263255387304,1787429377.9967258
659,264,SNIFF,189.0,269.0,181.0,259.0,0,1,0,1,1,0,30.218134786168328,51.94926574644096,-0.010687409707528331,9.80234412693737,0.2994473250602718,0.009445522807204459,0.00030137180919192455,0.03130855262977938,36.94886795874089,1787429377.9973533
662,265,SNIFF,191.0,268.0,179.0,260.0,1,1,1,1,0,0,17.986523482399217,54.44385625905845,0.03213477288702615,9.794003099572107,0.20437261307506405,-0.010552407855124204,-0.0017556488520471033,-0.01577704986154532,36.830824225074636,1787429378.0023897
664,266,SNIFF,191.0,267.0,177.0,263.0,0,1,1,1,0,0,22.937648346846707,55.56350304407532,-0.01936597082732524,9.711822972934536,0.3161194508743654,-0.0004218561478101196,0.0003872749822453588,-0.012855064685583378,37.492368171878724,1787429378.0027537
667,267,SNIFF,189.0,266.0,178.0,264.0,1,0,1,1,0,1,24.755203023073626,58.10594563267081,-0.0002882445680712116,9.810784326451996,0.3988753561138643,0.014071789620566046,0.01698965887187552,0.00029654840257281037,37.41450667294204,1787429378.0060823
669,268,SNIFF,191.0,269.0,175.0,264.0,1,1,1,1,1,0,22.742849787706874,53.15934350296145,0.049035519516100176,9.775212843101176,-0.23615482554272568,0.002786021961028394,0.01884757993736987,0.02279493429707824,36.98796922048035,1787429378.0086057
672,269,SNIFF,191.0,269.0,174.0,264.0,1,1,0,1,0,0,31.73607313895809,53.02524511120674,0.08783598399252254,9.80687423674249,-0.6063882520678451,0.0018389698555901376,-0.00403955194989683,-0.009221525987276694,37.19903432554468,1787429378.0117362
674,270,SNIFF,193.0,266.0,175.0,264.0,1,1,1,1,0,1,23.79993768650978,60.88805209357382,0.0831564290662563,9.810873567723995,0.6104406853288266,-0.00019499471740107863,0.005961340112825498,0.02299169420597556,37.21515830999287,1787429378.013013
677,271,SNIFF,195.0,266.0,174.0,264.0,1,1,1,1,0,0,20.99259115128035,48.415544180048826,0.1700025420721607,9.80368890534039,-0.19831401260018924,0.009838580303606051,0.021320311754507475,0.01750489419006053,37.03428916931328,1787429378.0161111
679,272,SNIFF,194.0,265.0,174.0,265.0,1,1,1,1,0,1,30.623004149993676,40.488472264353405,0.10456551327588992,9.784590633538476,0.23053275035601659,-0.011185320706792505,0.00209850053093024,0.004411641266729674,37.385445297137764,1787429378.0181856
682,273,SNIFF,196.0,262.0,175.0,266.0,1,1,1,0,0,1,23.493473761949872,45.89249786703287,0.11907310143270969,9.865294391364216,-0.37326143230786885,0.003925624989270626,0.00530789875634636,0.012864519851419644,37.40376224864135,1787429378.0223365
684,274,SNIFF,195.0,262.0,174.0,267.0,1,1,0,0,1,1,23.16904488208025,40.38635163589403,0.18712357875346108,9.843896398148484,-0.4188614347042526,0.014973113502597338,0.007165665362865167,0.019312599899642433,36.99407948102305,1787429378.0232227
687,275,SNIFF,194.0,263.0,171.0,269.0,1,0,0,1,0,1,27.944621240305537,54.84067898328861,0.22046740580912622,9.878657177855125,-0.06171715477064404,-0.0014715874162974495,0.007759145273007173,-0.0005924634322695688,37.12270542545662,1787429378.0283878
689,276,SNIFF,195.0,262.0,170.0,271.0,1,1,1,1,0,0,29.18348795208877,61.4527421507418,0.2059083730507035,9.894636299575224,-0.18207651637194994,0.010702459020599258,0.02470685141650263,0.018612279598825644,37.09108585362102,1787429378.0285497
692,277,SNIFF,196.0,262.0,169.0,272.0,0,0,1,1,1,0,22.21846928256074,46.919288077705346,0.2198369194502299,9.85301569317765,-0.7119304247761628,0.0002217998634606467,0.0037037040029177107,0.011870061373213713,37.46088101938678,1787429378.0344625
694,278,SNIFF,194.0,262.0,169.0,272.0,1,1,1,1,1,0,29.395463690541753,49.03774018432841,0.2579542872819661,9.902690814533536,-0.3333113762971581,0.01760886467610452,0.017227859599795545,0.002764161193622534,37.32202610075942,1787429378.0344791
697,279,SNIFF,195.0,263.0,170.0,271.0,1,1,1,1,0,1,21.183932344655766,49.60903029115585,0.16901996399527383,9.885254438161047,-0.40804654291405684,0.011245466837528298,0.013629651987967303,0.015943298127496976,37.16839575425063,1787429378.038198
699,280,SNIFF,196.0,262.0,169.0,271.0,1,0,1,1,1,0,20.704031621079558,45.36082929894275,0.269311753315754,9.863388791142583,-0.45372166322888335,0.029034641261827553,0.03767933255306319,0.017260997974853393,37.13127978111993,1787429378.0445106
702,281,SNIFF,193.0,263.0,171.0,271.0,1,0,0,0,1,0,21.780630662725706,46.68784239104346,0.2658500101315231,9.861665154439299,0.27589097458462614,0.017734486425544742,0.018763213941418957,0.028880679427346265,37.23406775416136,1787429378.0453348
704,282,SNIFF,194.0,263.0,172.0,270.0,0,0,1,1,1,1,27.513867757171944,49.47224569411294,0.2534657481248428,9.904459772678624,-0.15051665537221662,0.03044697483788015,0.026970571581202182,0.019877139956986076,37.061569185661426,1787429378.0507169
707,283,SNIFF,192.0,265.0,172.0,269.0,0,0,1,1,0,1,19.25409317523943,47.09060004332699,0.27753387232538107,9.901439536760616,0.09439320804832244,0.03977111608532173,0.016318754235949938,0.02104717012857592,37.583632878925755,1787429378.0507343
709,284,SNIFF,189.0,269.0,168.0,272.0,1,0,1,0,1,1,18.554440979115913,54.15118413402239,0.2440242456456129,9.925285293498145,0.29979345790887585,0.01893164368724222,0.021141050019622618,0.01117601252563587,37.20883798391121,1787429378.0538158
712,285,SNIFF,190.0,266.0,170.0,273.0,0,1,1,0,0,1,26.97696697292229,48.413937816405976,0.27897926757019254,9.826856610081219,-0.1647284222397515,0.015055688594184161,0.0166693148051628,0.018770607973082644,37.304575933383525,1787429378.0564065
714,286,SNIFF,189.0,267.0,170.0,273.0,0,1,1,1,1,1,33.58153450190667,47.721584312902195,0.2855776914975574,9.847522937799976,0.052283744844297014,0.018318066414807675,0.024499300686509407,0.010688029138956522,37.020782238444845,1787429378.0589695
717,287,SNIFF,191.0,265.0,168.0,274.0,1,1,1,0,0,0,30.578373355309523,53.593005035936415,0.3752119986953036,9.943008749729344,-0.19410055853124386,0.012249134283392117,-0.00010277865391619331,0.01558122538992803,37.04060846934376,1787429378.0614703
719,288,SNIFF,193.0,259.0,169.0,278.0,1,0,1,1,1,0,29.189090244677118,50.10050425443045,0.26632395078354126,9.904815346547878,-0.21894415260289524,0.025379556763933858,0.01974032448189707,0.016538818063817254,36.93290862992803,1787429378.0641966
722,289,SNIFF,189.0,259.0,172.0,278.0,0,0,1,1,0,0,30.52926377018938,53.50115055100005,0.2732874497726742,9.945058810895368,0.12501954064317328,-0.00018108747253728005,0.028981562005445913,0.025293192777394814,37.17403596566549,1787429378.0663733
724,290,SNIFF,189.0,258.0,173.0,279.0,1,0,1,0,1,0,28.265634709589904,46.42578034751956,0.302457686003308,9.888927103199677,-0.14266908856741775,0.020358757503511033,-0.01694627695169082,0.04125328420942293,37.22989682014791,1787429378.0702167
727,291,SNIFF,190.0,258.0,171.0,279.0,0,1,1,1,0,0,19.850228203493437,42.89679282416016,0.40887824222027,9.982243225367517,-0.035654196481521516,0.0368130336306291,0.017716761271984696,0.02092556302519731,37.47494973664613,1787429378.073487
729,292,SNIFF,191.0,257.0,170.0,280.0,0,1,1,1,1,0,20.42353662498634,54.206216161232646,0.3061603653488708,10.0187173377653,-0.02901868046559089,0.009981222582932128,0.02184100440226355,0.013037230185394696,36.99779346265935,1787429378.073701
732,293,SNIFF,193.0,256.0,170.0,280.0,1,1,1,0,0,0,20.682805108312806,50.87742234179305,0.3439860298808044,9.968032585965071,-0.1800980734149361,0.025640293973312096,0.024672566585127138,0.017429055116903475,37.09225762069019,1787429378.078464
734,294,SNIFF,191.0,257.0,171.0,279.0,1,1,1,1,1,1,24.88163538592989,49.93225491823502,0.2845761779110413,9.982482516676733,-0.33951340697887256,0.019504730097478575,0.005584359398630575,0.014027757616992632,37.192658560876204,1787429378.0796852
737,295,SNIFF,193.0,258.0,171.0,276.0,1,1,1,1,0,1,30.82216225792115,43.7780365720477,0.29825003169078157,9.968727674602606,-0.11100430940071374,0.03027382638728604,0.03205750634022322,0.030896844739552468,37.464947393125456,1787429378.0821424
739,296,SNIFF,192.0,259.0,170.0,277.0,0,0,0,1,1,0,30.63289067518383,56.79230820326407,0.3337047169777077,9.903387483743412,0.23622809575757872,0.015926319181828005,0.014477094077145525,0.033759876108858514,37.59497821707147,1787429378.083926
742,297,SNIFF,192.0,257.0,170.0,279.0,1,1,1,1,1,1,27.818127487475245,50.308387125902556,0.4099320761190309,9.984255452996836,-0.1787516782283824,0.030148112017675747,0.041127161934772304,0.028725108204206356,37.15205724429384,1787429378.0864663
744,298,SNIFF,192.0,255.0,171.0,280.0,1,0,1,1,0,0,26.55101476910852,52.7115337003619,0.37677442916552406,10.001564982826057,-0.1625745508941078,0.02911108417633188,0.026970548904378798,0.024413541251901528,37.00856943443837,1787429378.088679
747,299,SNIFF,191.0,256.0,172.0,280.0,1,0,1,1,1,0,29.056432894735096,51.4721296914345,0.3231687686059541,9.952974850452607,-0.12446315179505676,0.006086607970006968,0.010315669311499532,0.010713110745948903,36.83533657129544,1787429378.0977495
749,300,SNIFF,191.0,252.0,172.0,283.0,0,0,1,1,1,0,29.122164437986,41.30985297217771,0.26350132969170187,9.848575827004433,0.010945816731190161,0.014840558630263031,0.018206103490400402,0.007791417502499601,37.44427122586267,1787429378.1011372
752,301,SNIFF,189.0,251.0,172.0,285.0,1,1,1,1,0,0,23.74197133754525,46.677409076983025,0.3305960083327107,9.953373310334918,-0.13999903015064669,0.03481014011504552,0.021801272766237015,0.017814246545280524,36.70424869641984,1787429378.101151
754,302,SNIFF,190.0,251.0,171.0,286.0,1,0,1,0,1,1,26.895570828272227,59.68064576135215,0.2522882338303846,9.983675882645237,-0.05181624639481702,0.0168748912523247,0.010352462079078844,0.005315740638731867,36.60283549317802,1787429378.103244
757,303,SNIFF,192.0,250.0,169.0,287.0,1,1,1,1,1,1,30.103728526320907,40.93266388102457,0.2844216040143832,9.987601763418152,0.10680984319684844,0.022000006771296998,0.012854008506031533,0.0117364647664091,37.32271710320228,1787429378.1052666
759,304,SNIFF,190.0,252.0,170.0,286.0,0,0,1,1,1,0,23.456789773809476,48.18244523656615,0.2813688126974508,9.97858759512464,0.36968121503748264,0.036565875211993816,0.026064511026372424,0.01914963605967874,36.93105105073672,1787429378.1103745
762,305,SNIFF,191.0,251.0,171.0,285.0,1,1,0,1,1,0,28.578056354728787,46.77878520277521,0.3160205326387245,9.933323927069736,-0.25901366479282684,0.00994434715969103,0.04180848629973951,0.020951072578338524,37.29980452014355,1787429378.1143777
764,306,SNIFF,193.0,250.0,171.0,284.0,1,0,1,0,0,0,15.629133938390925,62.33286115171171,0.23455799105384934,9.887400312680255,-0.5498689223749311,0.0260453384604417,0.020991240628375218,0.01888570034265216,36.97974863583776,1787429378.1143942
767,307,SNIFF,191.0,248.0,173.0,286.0,1,0,1,1,1,1,30.068087225672762,55.946400144989,0.32288630959306,9.981498221002878,-0.5386337738474608,0.01977906331196777,0.017941000406509176,0.02777395311427516,37.54846276923925,1787429378.1187649
769,308,SNIFF,191.0,247.0,172.0,289.0,1,1,1,1,1,0,31.808352528157258,42.11823134597502,0.3004915929791182,9.95134144017496,-0.20722588709305947,0.023333044866403627,0.01486206515726328,0.026262490317194596,37.14712686129732,1787429378.1200702
772,309,SNIFF,190.0,245.0,173.0,290.0,0,0,0,0,0,1,25.918017751308675,43.64817639227782,0.3033672039144404,9.953114368033368,-0.0897980390113152,0.030373239820837103,0.00675210784479136,0.028814825403149898,37.191411783408654,1787429378.1241446
774,310,SNIFF,192.0,244.0,172.0,289.0,0,1,1,1,0,1,34.37511540329087,40.0347987451875,0.22590666108353658,9.879352909960586,-0.3924900745756492,0.0032024680870062026,0.012958590537770126,0.03263710800873038,37.10451627571846,1787429378.1251316
777,311,SNIFF,195.0,245.0,174.0,284.0,0,1,1,1,1,0,26.977113129103635,45.39322664161138,0.2943683239604856,9.984053847645727,-0.7180017209958356,0.014986783854475313,0.006105847522124041,0.03523205778493996,37.12376893845952,1787429378.1278443
779,312,SNIFF,197.0,243.0,174.0,284.0,1,0,1,1,0,0,25.4443527491796,55.09043869377703,0.29402623705378583,9.946609067833208,0.11844730494582689,0.007553284331691954,0.018607938946676814,0.016259520903780293,37.03372686024054,1787429378.1306279
782,313,SNIFF,198.0,243.0,175.0,282.0,1,1,0,0,0,1,26.83466359585593,54.566903298837914,0.2662959354673292,9.985380522170214,-0.3402281923423973,0.013465470684731161,0.03185174970834343,0.029659363238468007,37.13683316633604,1787429378.1324139
784,314,SNIFF,198.0,244.0,174.0,282.0,1,0,1,1,1,0,33.23319637797489,49.060768533709435,0.24847873359474326,9.891312686563161,-0.18756989004510805,0.016642080327210408,0.025185065009112217,0.01554075931512129,37.1933747881276,1787429378.1349585
787,315,SNIFF,195.0,245.0,176.0,282.0,0,1,1,1,0,0,23.714201716286944,51.31663975171959,0.18783423763666954,9.97282413683408,-0.0743408387982688,0.01175669263361808,0.02161644289588724,0.02450595395615999,37.295423907575895,1787429378.1374083
789,316,SNIFF,196.0,245.0,177.0,281.0,0,1,1,0,1,0,38.407543214979455,49.263942673311675,0.25044166591114314,9.910833396426748,-0.21239502296215576,0.019814590500107976,-0.004204507220363168,0.021448361533930954,37.714386029048335,1787429378.1411314
792,317,SNIFF,197.0,243.0,178.0,279.0,1,0,1,0,0,1,23.763190105097117,43.128632174679666,0.22422446686145656,9.923246540130382,-0.41578672076885326,0.011368734793644333,0.03169472182772919,0.017867787018061215,37.056499915554355,1787429378.142111
794,318,SNIFF,196.0,241.0,179.0,282.0,1,0,0,0,0,1,28.201052283760532,60.56541431676564,0.13777793804603716,9.919893515899611,-0.5985501507703569,0.016383117711824158,0.022931000644189,0.011498566785681667,37.14948519240176,1787429378.1449354
797,319,SNIFF,195.0,238.0,179.0,285.0,1,1,0,0,1,1,18.865100447621778,40.281591837129554,0.17618433064108394,9.92820675897884,-0.07566911646242704,0.027304576032541647,0.014558094518625069,0.010426986240717551,37.031228984959135,1787429378.1476197
799,320,SNIFF,197.0,237.0,177.0,288.0,1,1,1,1,0,1,23.6815201292951,59.33609796169986,0.18524818792462447,9.913839055952174,-0.14693512859992494,0.016811939892055754,0.004813329363784367,0.03368579447664514,37.56928797018229,1787429378.149867
802,321,SNIFF,197.0,238.0,176.0,288.0,0,1,1,0,1,0,26.505124548950278,46.035938337369174,0.20111159175961374,9.864065582259647,0.3500900799575094,0.0208555244749249,0.03581374270646652,0.01010565383778274,37.021049202526385,1787429378.1525722
804,322,SNIFF,197.0,234.0,176.0,290.0,1,0,1,1,0,0,25.959932419534802,61.485952451622694,0.17463347731113557,9.869895547672265,-0.018046415088272982,0.01266098919017614,-0.0006302487725045706,0.017216967925054553,37.008521454785125,1787429378.1551723
807,323,SNIFF,197.0,232.0,176.0,292.0,1,1,1,1,1,1,24.740912200328033,40.41543427300063,0.13222188280956443,9.810171524076734,-0.34891662865807743,0.026624709963172552,0.009772849718200494,-0.000979476865476817,37.32817883170843,1787429378.1581545
809,324,SNIFF,193.0,233.0,177.0,295.0,1,0,1,1,0,1,32.1538612561141,52.043732170947266,0.14635523888824503,9.918667111681463,-0.2282957607877481,0.0016332557694028436,0.012648820541075318,0.008650094475725113,37.233530292945346,1787429378.161729
812,325,SNIFF,194.0,232.0,176.0,297.0,0,1,1,1,0,0,27.326786314858374,49.869749240673784,0.17816868892998233,9.853156399491015,0.30772829700498006,0.01895999908914077,0.014111628051962258,0.007737088408089183,37.39397953873109,1787429378.162482
814,326,SNIFF,194.0,233.0,176.0,295.0,1,1,1,0,0,1,21.985242385467572,39.56607663680053,0.14210526129495304,9.953111996803184,0.3071954158728487,0.015435910775794696,0.010816114219331253,0.009961631757029637,37.067655280362374,1787429378.1647408
817,327,SNIFF,193.0,236.0,177.0,293.0,0,0,1,1,1,0,25.82743862372223,50.708058518774735,0.105443156195716,9.799713622740638,-0.38151936508570794,0.016157061014096433,0.0018539770356611439,-0.00489514305947941,37.48978680495017,1787429378.1676009
819,328,SNIFF,196.0,235.0,175.0,292.0,1,0,0,1,1,0,25.44915423687773,38.434873185699516,0.08222143034060361,9.789223078029814,-0.01807336753944079,-0.0023032288298447277,-0.0026534229482637027,0.008350594981408518,37.350560364588354,1787429378.1735256
822,329,SNIFF,197.0,235.0,175.0,292.0,1,1,1,1,0,0,32.285579987803075,41.29892377873843,0.12045375953115797,9.880121843397918,-0.8668336141435983,0.0030088444862170064,0.0028555715711041946,0.017440305002437206,37.32997559469852,1787429378.1738048
824,330,SNIFF,197.0,236.0,173.0,291.0,1,1,1,0,0,0,25.495697854520365,46.05388334724519,0.10641606642011148,9.693549832603193,-0.4343159420392246,0.003285763296940641,-0.0076253474801323655,0.0006471512963114904,36.851936086933115,1787429378.1774313
827,331,SNIFF,197.0,234.0,175.0,291.0,1,1,1,1,0,0,21.40746682078216,47.250333990096294,0.07638180940527058,9.801899034856753,-0.5206848757767578,-0.002641372028783318,0.01693159430559586,0.019285445839734894,37.11064051877223,1787429378.179749
829,332,SNIFF,198.0,235.0,175.0,291.0,1,0,1,0,1,0,30.858227423815777,46.33635562220222,0.08018181084693099,9.777776238935338,-0.12152636935054416,0.00667051868416982,0.020021200872121704,0.010702065140523685,37.138864427739705,1787429378.1819053
832,333,SNIFF,199.0,235.0,176.0,288.0,1,1,0,0,0,1,26.255536902013326,60.1024887357499,0.030960734856139357,9.805509548416095,-0.32557476734724444,-0.024931643509028434,-0.010749333445033676,-0.0005428161253135443,36.98214837597234,1787429378.1837754
834,334,SNIFF,201.0,235.0,174.0,287.0,1,0,1,0,1,1,20.655752979778377,50.46584345916301,0.033829944418783175,9.760769053740939,-0.33096645741004427,0.0036473644255444596,-0.00332279735897354,-0.00427983191449415,37.151865944272856,1787429378.1872349
837,335,SNIFF,201.0,235.0,174.0,289.0,1,0,1,0,1,1,21.624611434810248,52.53821584838241,-0.011331425527040494,9.715857099306387,-0.640278589797425,0.005131105179391456,-0.00780710198291494,-0.011433292561495407,37.688820060465275,1787429378.189388
839,336,SNIFF,197.0,236.0,174.0,290.0,1,1,1,0,1,0,19.41506524412008,61.956456805011925,0.000526344194358791,9.74728811180331,-0.40483212400957225,-0.0051069426431075635,0.0017627513394677763,-0.01522230430780914,37.31598676834586,1787429378.1919777
842,337,SNIFF,196.0,235.0,175.0,292.0,1,1,1,1,1,0,21.072211111663194,53.74205795887468,-0.052186250541727666,9.680630316092667,0.34353903225682314,0.011496302581008462,-0.00919255871737052,-0.0023202969868668984,37.04293848147286,1787429378.1946585
844,338,SNIFF,199.0,233.0,177.0,290.0,1,1,1,1,1,1,26.737020889618215,45.30753275798983,-0.04075647594686749,9.728060587406064,0.1322452842404009,0.010415436084397538,0.007322415161665851,-0.008631395211309047,37.50320502490991,1787429378.1968439
847,339,SNIFF,201.0,232.0,175.0,291.0,0,0,0,1,0,1,24.67579787411168,41.78093920872713,-0.09248325328712753,9.69051729418764,0.45487535881936797,-0.026982359755408268,-0.0005312426475652735,-0.010717793267785592,36.92630171329552,1787429378.199165
849,340,SNIFF,202.0,229.0,177.0,290.0,1,0,1,0,0,1,22.806660885044693,53.59896065276391,-0.05585892708111952,9.757297485728406,-0.11414123059263034,-0.009587664609690197,0.001064516171479909,-0.007335252787213399,37.376756992252396,1787429378.2016327
852,341,SNIFF,202.0,228.0,179.0,289.0,0,0,1,0,1,1,26.11900297863545,48.41597304639322,-0.055796481300385004,9.706746454528886,0.4424795737479275,-0.022545491691686903,-0.0033797237569418636,0.012149253407379268,37.43097706214514,1787429378.205768
854,342,SNIFF,202.0,226.0,182.0,288.0,1,1,0,1,1,0,27.42277352845484,45.65999204280661,-0.15747310155383673,9.66808244125092,-0.5529308247926551,-0.016557682782027548,-0.0028853870798221494,-0.014083476056551634,37.504021224483374,1787429378.2066545
857,343,SNIFF,200.0,228.0,181.0,289.0,1,1,1,1,1,0,24.15202799058296,50.299855848239574,-0.09293767079569026,9.756752089113876,-0.3334172531782514,-0.0002515579977163977,-0.011932953139657136,-0.004535320711671226,37.07672858934698,1787429378.2109168
859,344,SNIFF,199.0,225.0,184.0,290.0,1,1,1,0,1,0,26.822626562379597,55.52248699004366,-0.08743036841969111,9.620619419549342,-0.8870344229221587,-0.013618168383495742,-0.02341089920201777,-0.011991313010479971,37.17929827031406,1787429378.211846
862,345,SNIFF,202.0,223.0,185.0,288.0,1,1,1,1,1,1,33.549363785023786,49.89483051030693,-0.1313630589104355,9.671679675757144,-0.9152722883176664,-0.042191087440775675,0.0011618153938078926,0.0007401783697643591,37.295656140146036,1787429378.2159672
864,346,SNIFF,202.0,220.0,188.0,288.0,1,1,1,1,0,1,30.635203442536046,48.79318293295029,-0.14836640097210868,9.653869481740172,-0.04033351517143732,-0.026748915360488,-0.0014533749595070557,-0.01336835726338813,37.224244836737874,1787429378.2168107
867,347,SNIFF,199.0,220.0,190.0,289.0,1,1,1,0,1,1,24.50207244205673,41.71021205638954,-0.1679307040695034,9.66651706695291,-0.40102387815698926,-0.013376803126094206,-0.003072610189366198,-0.023525101362096065,36.993300893707925,1787429378.2190366
869,348,SNIFF,197.0,219.0,193.0,288.0,1,0,0,1,0,0,28.52170115192066,46.44257591402436,-0.1822372168064214,9.705825528464299,-0.39525135035594716,-0.01215441928632994,-0.012018185465258017,0.01073135480031841,37.133448660334025,1787429378.2211788
872,349,SNIFF,195.0,223.0,191.0,289.0,1,1,1,0,0,1,20.394195409103283,54.87821442132574,-0.16367945759146352,9.638734502336106,-0.49076509710260025,-0.014550759678811562,-0.019821063377038404,-0.01019845680150396,37.16149468609535,1787429378.2239878
874,350,SNIFF,197.0,223.0,189.0,290.0,1,1,1,1,0,0,32.83959702370954,61.1051218057476,-0.19572532793734537,9.709635877079707,0.5381022536678285,-0.006608218491014252,-0.00037634978151667407,-0.006533813282967735,37.05593039252813,1787429378.2263982
877,351,SNIFF,197.0,219.0,192.0,290.0,0,0,1,0,1,1,26.836809969946565,58.55047599575268,-0.18100665869672472,9.669410002436457,0.384306358086154,-0.02712958632885656,0.00926155768863413,-0.003841106222455235,37.593845163364435,1787429378.2300634
879,352,SNIFF,194.0,222.0,192.0,290.0,1,0,1,1,0,1,23.888763414560422,52.02024315053784,-0.29656778871586303,9.642971010608013,-0.4035289436078153,-0.01097754265828807,-0.02501004646451476,-0.0305107240533037,37.2152188957845,1787429378.2337139
882,353,SNIFF,196.0,221.0,191.0,290.0,1,1,1,0,1,1,20.181424508567588,46.359506944114614,-0.2736078683097772,9.665219480937845,-0.551493101853008,-0.032964644739867946,-0.020506345883038322,-0.018923985809322263,37.03857729587174,1787429378.234001
884,354,SNIFF,196.0,221.0,193.0,289.0,1,1,0,1,1,1,25.278199891491333,60.081842635870004,-0.2419219538884611,9.706433640625725,0.3511431458699598,-0.01401768935794099,-0.0186103086140276,-0.010921423307072436,37.41962965043755,1787429378.2373524
887,355,SNIFF,194.0,222.0,196.0,286.0,1,1,1,0,0,0,28.076282851687253,60.56528684019382,-0.2269312617003431,9.666705769681416,0.1330432111252055,-0.007011274911452805,-0.011533726090011518,-0.004298719635544665,37.49910880304035,1787429378.2391696
889,356,SNIFF,194.0,223.0,194.0,287.0,0,1,1,1,1,1,26.894459625758827,55.766943282307096,-0.26769356621009743,9.6403951995081,0.25101599285998527,-0.040498951977360226,-0.019713910060515774,-0.014752666912046564,37.01753637508928,1787429378.2423325
892,357,SNIFF,194.0,224.0,195.0,285.0,1,1,0,0,1,1,21.815271121077643,39.89082298694525,-0.26020114846626974,9.63248643787859,-0.24895465346335757,-0.023634585667425097,-0.008903711867520429,-0.017703713493328707,37.16586117075623,1787429378.2446558
894,358,SNIFF,194.0,226.0,192.0,285.0,0,1,1,0,0,0,22.072110777537397,55.941598986229664,-0.2881685167150748,9.629367917414495,0.10068688417768056,-0.01396793356547577,-0.011592578270702427,-0.011803299080361485,37.1279723872846,1787429378.2484946
897,359,SNIFF,192.0,228.0,194.0,284.0,1,1,1,1,0,0,26.075300386324187,50.88775079254876,-0.3168634241356351,9.642225838838689,-0.14530554482397204,-0.027026481904008727,-0.026720134161156556,-0.024393390062062537,37.85877082167363,1787429378.2503664
899,360,SNIFF,194.0,226.0,195.0,283.0,1,1,1,0,0,1,24.222221904827606,53.668126521549254,-0.31339818600829644,9.609609198285856,0.48004115530188846,-0.0126718626015556,-0.008605981753655975,-0.013986679332948584,37.22744742579353,1787429378.2518559
902,361,SNIFF,192.0,227.0,196.0,283.0,0,1,1,1,0,0,25.432436005715424,49.51468127782921,-0.33529708049714974,9.647215282694413,0.19191780754482443,-0.017976354278096043,-0.033320016066964435,-0.0017406597671327483,37.32382359700275,1787429378.254907
904,362,SNIFF,192.0,227.0,197.0,282.0,1,0,1,1,0,1,23.884299763417026,43.56768936575793,-0.3427811015674334,9.637115971471093,-0.20041023698975952,-0.012938812796741394,-0.029103291255011855,-0.025765842841719188,36.997594199816696,1787429378.258658
907,363,SNIFF,193.0,227.0,197.0,281.0,1,0,0,0,0,0,24.799539628059946,43.2307357657655,-0.3704206732175974,9.576110932321571,0.39657230688222483,-0.012906792732148727,-0.02748787772141887,-0.020156517767183284,37.18298100591502,1787429378.2588217
909,364,SNIFF,191.0,228.0,197.0,282.0,1,0,1,0,0,1,24.646177015032343,56.3752010978595,-0.3901583162050674,9.608200968262697,-0.38954419274319435,-0.01576926294357501,-0.030535140215072823,-0.011981322884606998,37.56754912615735,1787429378.2627397
912,365,SNIFF,190.0,230.0,195.0,283.0,1,1,1,1,1,0,22.12418817730321,47.15488030487157,-0.4674356092694219,9.589081142907089,-0.3997900765757331,-0.020880815374045177,-0.016085730273813388,-0.030163513409119803,37.47828663585106,1787429378.2654085
914,366,SNIFF,188.0,229.0,197.0,284.0,0,0,1,1,1,1,28.265425516282683,54.03292986920424,-0.38107972028216813,9.615629646817062,-0.15514255362854304,-0.015586602612059934,-0.0031211802630169497,-0.01702909533291437,37.051965179141156,1787429378.2693462
917,367,SNIFF,190.0,227.0,196.0,286.0,1,1,1,0,0,1,33.102792129462856,44.89434065713057,-0.41330193923062664,9.627422687368233,-0.10550782171309107,-0.005521912799258148,-0.026982297140901935,-0.010408167927301338,37.20978767854162,1787429378.2696505
919,368,SNIFF,190.0,228.0,195.0,285.0,1,1,0,1,1,1,22.57553925187758,59.775188088853355,-0.3905120345820528,9.586012535094813,0.1229551274147617,-0.03931963644363058,-0.02847668154596813,-0.02397129721890716,37.01259831428085,1787429378.2729146
922,369,SNIFF,190.0,224.0,194.0,289.0,1,1,1,1,1,0,26.258271897549562,64.96413689829144,-0.3363710148779652,9.674021649818789,0.23627026877532048,-0.023907150969956922,-0.0297509735788218,-0.007911018061668603,37.103000384341826,1787429378.2756047
924,370,SNIFF,189.0,223.0,196.0,290.0,1,0,1,1,1,0,31.483186243055364,49.370855673301804,-0.3754469799754195,9.5336445618951,0.4316189474361509,-0.02413813740415536,-0.015323182708377611,-0.014440067378470714,36.9314492101435,1787429378.2799654
927,371,SNIFF,191.0,222.0,195.0,290.0,0,0,1,1,0,1,28.747467845339422,53.637381235306066,-0.3512314102170836,9.630332179924979,-0.09883747555952584,-0.013711149325073271,-0.004846637063115606,-0.01186120937275726,36.930694157373175,1787429378.2807016
929,372,SNIFF,191.0,222.0,194.0,290.0,1,1,0,1,0,0,21.057503602685266,49.35127497069847,-0.37685753370285835,9.597525411627862,0.25861546260501067,-0.019089009314390275,-0.03514185732977775,-0.022027728694708957,37.3815191138618,1787429378.2828608
932,373,SNIFF,189.0,222.0,194.0,293.0,1,0,0,1,1,0,26.963682849824615,54.85870856166932,-0.44532575864690627,9.702694771208474,-0.036965162951507875,-0.04164798551914896,-0.028563548853597878,-0.05042677963475984,37.04953303250664,1787429378.285928
934,374,SNIFF,189.0,220.0,195.0,293.0,0,1,0,1,1,1,30.19305750556324,45.683386660898634,-0.35801991518710047,9.631851325746336,-0.3957751318756636,-0.01384403774197176,-0.0220786172764649,-0.02043593633491666,37.22227701226622,1787429378.2880964
937,375,SNIFF,188.0,223.0,194.0,293.0,1,1,0,1,1,1,26.030953337686476,35.97955174185567,-0.3797009717003845,9.621815200890985,0.3950350418678885,-0.016345560090756505,-0.005982404158730999,-0.007120643946907826,37.08499606070912,1787429378.289911
939,376,SNIFF,187.0,223.0,195.0,293.0,1,0,1,0,0,1,29.155382852609094,51.164624648292985,-0.3511923366772288,9.642200728386882,0.2001722773255517,-0.021115013172852054,-0.008715585708193821,-0.015623099661369991,37.23617268493097,1787429378.2953393
942,377,SNIFF,184.0,223.0,197.0,294.0,0,1,1,0,1,1,25.337376749503406,42.007295423540825,-0.4158427238316619,9.611419560054008,0.17170032774295352,-0.013693936672482006,-0.00872327831312176,-0.020449412944199687,37.243975472604674,1787429378.2957354
944,378,SNIFF,184.0,221.0,201.0,292.0,1,1,1,1,1,0,22.907626019379677,55.820351541245614,-0.36802531515440684,9.630267840859613,-0.15376984685377537,-0.03745382421585941,-0.027085142308664045,-0.026561789261506284,37.165555972381185,1787429378.3013191
947,379,SNIFF,186.0,220.0,197.0,295.0,0,1,1,0,0,0,32.87496063899644,48.097822281261,-0.31797639357945173,9.619204158060937,0.5377641192881691,-0.0213746031192353,-0.012567034765141387,-0.010829462711824297,37.26500894823726,1787429378.3016922
949,380,SNIFF,185.0,221.0,196.0,296.0,1,0,0,0,0,1,27.884269099397564,51.65414439645228,-0.3532982419146398,9.57665188172883,0.5740495256852453,-0.01472553772245043,-0.01996873851383675,-0.010137639871676938,37.506079560290786,1787429378.3044963
952,381,SNIFF,184.0,222.0,197.0,295.0,0,1,1,1,1,0,28.217565340694534,34.40279300977858,-0.3488100568085963,9.611618668809076,-0.3673186315981526,-0.0243580696728607,-0.015180889001322322,-0.005183683006181957,37.195515138346046,1787429378.30775
954,382,SNIFF,185.0,220.0,198.0,295.0,1,1,1,1,1,1,33.905554947324795,44.25810159897131,-0.3202375375483598,9.703401552274867,-0.05302087815788899,-0.007394377665843834,-0.024276978808995694,-0.026402390909624117,36.98345193722081,1787429378.3119304
957,383,SNIFF,185.0,222.0,199.0,292.0,0,1,1,1,0,0,25.93085022843605,49.5116887731067,-0.26517656316808735,9.645412809058755,0.3245186679082368,-0.0152200419943546,-0.025204587023641704,0.004930123489911467,37.366426432291426,1787429378.3119528
959,384,SNIFF,184.0,224.0,199.0,291.0,1,1,1,0,0,1,24.787775258537245,56.168408119761935,-0.27412653722261393,9.624440130649386,0.09845496454330062,-0.011588993317554221,-0.03154378934977252,-0.016567330189366104,37.33244267638128,1787429378.3154438
962,385,SNIFF,183.0,224.0,199.0,292.0,1,1,1,1,0,1,18.464500152251347,31.989632948663967,-0.3164790609209668,9.664591222585024,0.4809363761307741,-0.038056050860252516,-0.0022916527389563734,-0.017437716183140592,37.11738272246782,1787429378.3175507
964,386,SNIFF,183.0,225.0,197.0,294.0,1,1,1,0,1,1,34.570994159794985,51.258095805853685,-0.27958386115561523,9.64172465365611,0.4379252673168149,-0.015317526845225346,-0.02093469734651647,-0.004728484811333315,36.9434910740592,1787429378.320649
